date,code,action,shares,price,fee
2025-01-02,000056.SZ,BUY,100,13.0893,0.261786
2025-01-02,000059.SZ,BUY,200,8.4525,0.3381
2025-01-02,000068.SZ,BUY,200,7.4768,0.299072
2025-01-02,000100.SZ,BUY,100,18.4404,0.368808
2025-01-02,000155.SZ,BUY,100,16.7207,0.33441400000000004
2025-01-02,000156.SZ,BUY,200,8.5227,0.340908
2025-01-02,000159.SZ,BUY,100,18.7734,0.375468
2025-01-02,000166.SZ,BUY,200,7.8644,0.31457599999999997
2025-01-02,000301.SZ,BUY,100,19.0283,0.38056600000000007
2025-01-02,000409.SZ,BUY,100,18.6429,0.3728580000000001
2025-01-02,000498.SZ,BUY,100,17.9363,0.358726
2025-01-02,000504.SZ,BUY,100,17.3489,0.34697800000000006
2025-01-02,000506.SZ,BUY,100,10.8263,0.216526
2025-01-02,000514.SZ,BUY,100,18.1371,0.362742
2025-01-02,000536.SZ,BUY,100,16.3091,0.326182
2025-01-02,000545.SZ,BUY,100,9.8486,0.19697199999999998
2025-01-02,000546.SZ,BUY,200,9.1995,0.36798000000000003
2025-01-02,000548.SZ,BUY,100,18.7815,0.37563
2025-01-02,000560.SZ,BUY,100,15.9594,0.319188
2025-01-02,000572.SZ,BUY,100,18.8571,0.377142
2025-01-02,000592.SZ,BUY,100,19.0623,0.38124600000000003
2025-01-02,000607.SZ,BUY,100,13.8622,0.27724400000000005
2025-01-02,000609.SZ,BUY,100,14.6506,0.29301200000000005
2025-01-02,000620.SZ,BUY,300,5.0937,0.30562200000000006
2025-01-02,000656.SZ,BUY,100,12.3338,0.24667600000000003
2025-01-02,000669.SZ,BUY,200,7.3014,0.292056
2025-01-02,000691.SZ,BUY,100,10.4162,0.20832399999999998
2025-01-02,000698.SZ,BUY,100,10.1913,0.203826
2025-01-02,000701.SZ,BUY,200,7.9555,0.31822
2025-01-02,000702.SZ,BUY,100,17.0029,0.340058
2025-01-02,000711.SZ,BUY,100,15.6143,0.312286
2025-01-02,000717.SZ,BUY,100,13.8895,0.27779000000000004
2025-01-02,000727.SZ,BUY,100,15.2136,0.304272
2025-01-02,000751.SZ,BUY,200,9.4022,0.37608800000000003
2025-01-02,000755.SZ,BUY,100,12.9845,0.25969000000000003
2025-01-02,000757.SZ,BUY,100,15.1318,0.302636
2025-01-02,000761.SZ,BUY,200,7.5533,0.302132
2025-01-02,000779.SZ,BUY,100,18.9828,0.37965600000000005
2025-01-02,000782.SZ,BUY,100,15.4994,0.30998800000000004
2025-01-02,000796.SZ,BUY,100,16.843,0.33686
2025-01-02,000797.SZ,BUY,100,18.6559,0.373118
2025-01-02,000798.SZ,BUY,100,17.1058,0.342116
2025-01-02,000809.SZ,BUY,200,9.1794,0.367176
2025-01-02,000813.SZ,BUY,100,12.3759,0.247518
2025-01-02,000820.SZ,BUY,300,6.3535,0.38121000000000005
2025-01-02,000822.SZ,BUY,100,13.8271,0.276542
2025-01-02,000826.SZ,BUY,100,16.7272,0.334544
2025-01-02,000856.SZ,BUY,100,12.8638,0.257276
2025-01-02,000859.SZ,BUY,100,18.4233,0.36846600000000007
2025-01-02,000862.SZ,BUY,100,13.0869,0.261738
2025-01-02,000875.SZ,BUY,200,7.5518,0.30207200000000006
2025-01-02,000889.SZ,BUY,100,12.4242,0.24848400000000004
2025-01-02,000890.SZ,BUY,100,11.3838,0.22767600000000005
2025-01-02,000892.SZ,BUY,200,8.1045,0.32417999999999997
2025-01-02,000897.SZ,BUY,100,13.9696,0.27939200000000003
2025-01-02,000898.SZ,BUY,200,7.6825,0.3073
2025-01-02,000905.SZ,BUY,100,18.6241,0.372482
2025-01-02,000908.SZ,BUY,100,13.1578,0.263156
2025-01-02,000909.SZ,BUY,100,11.861,0.23722000000000004
2025-01-02,000911.SZ,BUY,100,13.6013,0.27202600000000005
2025-01-02,000912.SZ,BUY,100,9.9386,0.19877199999999998
2025-01-02,000926.SZ,BUY,100,12.4004,0.248008
2025-01-02,000927.SZ,BUY,400,4.05,0.324
2025-01-02,000928.SZ,BUY,100,15.3063,0.306126
2025-01-02,000929.SZ,BUY,100,17.5368,0.350736
2025-01-02,000931.SZ,BUY,200,7.1477,0.285908
2025-01-02,000932.SZ,BUY,100,10.8055,0.21611
2025-01-02,000950.SZ,BUY,100,12.9857,0.259714
2025-01-02,000952.SZ,BUY,100,15.2305,0.30461
2025-01-02,000953.SZ,BUY,100,15.5407,0.310814
2025-01-02,000955.SZ,BUY,100,10.211,0.20422
2025-01-02,000959.SZ,BUY,200,7.0473,0.28189200000000003
2025-01-02,000965.SZ,BUY,200,8.6199,0.344796
2025-01-02,000966.SZ,BUY,100,18.2877,0.365754
2025-01-02,000968.SZ,BUY,100,12.8177,0.256354
2025-01-02,000972.SZ,BUY,200,9.1767,0.36706800000000006
2025-01-02,000978.SZ,BUY,100,19.1427,0.3828540000000001
2025-01-02,000980.SZ,BUY,400,4.8827,0.390616
2025-01-02,000993.SZ,BUY,100,15.1953,0.303906
2025-01-02,001202.SZ,BUY,100,15.0878,0.301756
2025-01-02,001203.SZ,BUY,200,9.0009,0.36003599999999997
2025-01-02,001208.SZ,BUY,200,9.0417,0.36166800000000005
2025-01-02,001213.SZ,BUY,400,4.1558,0.33246400000000004
2025-01-02,001216.SZ,BUY,100,13.2663,0.265326
2025-01-02,001217.SZ,BUY,100,13.7538,0.27507600000000004
2025-01-02,001227.SZ,BUY,700,2.6578,0.37209200000000003
2025-01-02,001231.SZ,BUY,100,16.9315,0.33863000000000004
2025-01-02,001234.SZ,BUY,100,18.1424,0.36284799999999995
2025-01-02,001236.SZ,BUY,200,9.3509,0.374036
2025-01-02,001239.SZ,BUY,100,14.4,0.28800000000000003
2025-01-02,001256.SZ,BUY,100,15.8615,0.31723
2025-01-02,001258.SZ,BUY,200,8.2074,0.32829600000000003
2025-01-02,001260.SZ,BUY,100,16.1578,0.32315600000000005
2025-01-02,001267.SZ,BUY,200,8.0192,0.320768
2025-01-02,001268.SZ,BUY,100,17.9085,0.35817
2025-01-02,001278.SZ,BUY,100,15.9104,0.318208
2025-01-02,001286.SZ,BUY,200,9.6543,0.386172
2025-01-02,001287.SZ,BUY,100,19.3528,0.38705599999999996
2025-01-02,001289.SZ,BUY,100,15.4458,0.308916
2025-01-02,001299.SZ,BUY,100,12.6205,0.25241
2025-01-02,001300.SZ,BUY,100,11.4138,0.22827600000000003
2025-01-02,001313.SZ,BUY,200,8.9544,0.358176
2025-01-02,001318.SZ,BUY,100,11.786,0.23571999999999999
2025-01-02,001322.SZ,BUY,200,8.1642,0.326568
2025-01-02,001324.SZ,BUY,100,16.883,0.33766
2025-01-02,001330.SZ,BUY,300,6.0,0.36000000000000004
2025-01-02,001331.SZ,BUY,100,18.6226,0.37245199999999995
2025-01-02,001333.SZ,BUY,100,17.7875,0.35575000000000007
2025-01-02,001336.SZ,BUY,100,17.6714,0.35342799999999996
2025-01-02,001338.SZ,BUY,100,11.0603,0.221206
2025-01-02,001360.SZ,BUY,100,13.1757,0.263514
2025-01-02,001366.SZ,BUY,100,10.7715,0.21542999999999998
2025-01-02,001376.SZ,BUY,100,14.4937,0.289874
2025-01-02,001896.SZ,BUY,300,5.6038,0.33622799999999997
2025-01-02,001965.SZ,BUY,100,17.1491,0.342982
2025-01-02,001979.SZ,BUY,100,13.479,0.26958
2025-01-02,002005.SZ,BUY,100,16.36,0.3272
2025-01-02,002047.SZ,BUY,200,9.6417,0.38566800000000007
2025-01-02,002059.SZ,BUY,100,11.6889,0.23377800000000004
2025-01-02,002060.SZ,BUY,100,15.1539,0.303078
2025-01-02,002061.SZ,BUY,100,13.738,0.27476
2025-01-02,002067.SZ,BUY,100,10.4075,0.20815
2025-01-02,002075.SZ,BUY,100,18.4502,0.369004
2025-01-02,002076.SZ,BUY,100,16.5316,0.33063200000000004
2025-01-02,002082.SZ,BUY,100,19.2664,0.38532800000000006
2025-01-02,002083.SZ,BUY,100,13.6823,0.273646
2025-01-02,002084.SZ,BUY,200,9.5991,0.383964
2025-01-02,002086.SZ,BUY,100,11.7209,0.23441800000000004
2025-01-02,002092.SZ,BUY,100,14.9996,0.299992
2025-01-02,002098.SZ,BUY,100,18.6215,0.37243000000000004
2025-01-02,002105.SZ,BUY,200,8.5354,0.341416
2025-01-02,002109.SZ,BUY,100,12.2824,0.245648
2025-01-02,002110.SZ,BUY,200,7.8595,0.31438
2025-01-02,002114.SZ,BUY,100,10.4808,0.209616
2025-01-02,002132.SZ,BUY,100,16.3085,0.32617
2025-01-02,002133.SZ,BUY,200,8.0865,0.32345999999999997
2025-01-02,002135.SZ,BUY,100,13.6287,0.27257400000000004
2025-01-02,002141.SZ,BUY,100,13.9418,0.27883600000000003
2025-01-02,002144.SZ,BUY,100,11.9336,0.23867200000000005
2025-01-02,002145.SZ,BUY,100,18.798,0.37595999999999996
2025-01-02,002160.SZ,BUY,200,7.7443,0.309772
2025-01-02,002162.SZ,BUY,200,7.7443,0.309772
2025-01-02,002164.SZ,BUY,100,15.709,0.31418
2025-01-02,002172.SZ,BUY,200,9.4891,0.37956400000000007
2025-01-02,002181.SZ,BUY,100,13.1684,0.263368
2025-01-02,002188.SZ,BUY,200,8.8614,0.354456
2025-01-02,002196.SZ,BUY,100,14.7422,0.294844
2025-01-02,002197.SZ,BUY,100,16.2785,0.32557
2025-01-02,002200.SZ,BUY,100,10.7987,0.21597400000000003
2025-01-02,002205.SZ,BUY,100,18.1937,0.363874
2025-01-02,002207.SZ,BUY,100,10.1008,0.202016
2025-01-02,002209.SZ,BUY,100,14.3318,0.286636
2025-01-02,002217.SZ,BUY,100,12.9918,0.259836
2025-01-02,002225.SZ,BUY,200,9.6425,0.38570000000000004
2025-01-02,002234.SZ,BUY,100,18.9649,0.379298
2025-01-02,002243.SZ,BUY,100,13.9194,0.278388
2025-01-02,002246.SZ,BUY,100,16.291,0.32582000000000005
2025-01-02,002247.SZ,BUY,100,16.6071,0.332142
2025-01-02,002248.SZ,BUY,100,15.739,0.31478000000000006
2025-01-02,002259.SZ,BUY,300,5.9971,0.359826
2025-01-02,002263.SZ,BUY,100,10.9945,0.21989000000000003
2025-01-02,002278.SZ,BUY,100,11.7058,0.234116
2025-01-02,002282.SZ,BUY,100,16.2195,0.32439
2025-01-02,002289.SZ,BUY,300,5.6709,0.340254
2025-01-02,002291.SZ,BUY,100,10.9226,0.218452
2025-01-02,002295.SZ,BUY,100,10.3253,0.206506
2025-01-02,002298.SZ,BUY,100,16.0678,0.321356
2025-01-02,002305.SZ,BUY,200,6.7127,0.268508
2025-01-02,002307.SZ,BUY,100,15.2327,0.30465400000000004
2025-01-02,002314.SZ,BUY,300,5.6484,0.33890400000000004
2025-01-02,002316.SZ,BUY,100,10.6097,0.21219400000000002
2025-01-02,002321.SZ,BUY,300,5.1716,0.310296
2025-01-02,002323.SZ,BUY,100,12.7253,0.254506
2025-01-02,002328.SZ,BUY,100,18.6656,0.37331200000000003
2025-01-02,002330.SZ,BUY,200,9.1473,0.365892
2025-01-02,002333.SZ,BUY,100,19.3726,0.38745199999999996
2025-01-02,002342.SZ,BUY,200,7.9398,0.31759200000000004
2025-01-02,002343.SZ,BUY,100,19.5287,0.39057400000000003
2025-01-02,002354.SZ,BUY,100,15.4893,0.309786
2025-01-02,002355.SZ,BUY,100,13.1031,0.262062
2025-01-02,002356.SZ,BUY,100,18.7995,0.37599
2025-01-02,002363.SZ,BUY,100,18.3856,0.367712
2025-01-02,002366.SZ,BUY,100,10.4462,0.208924
2025-01-02,002370.SZ,BUY,100,10.589,0.21178000000000002
2025-01-02,002374.SZ,BUY,100,17.7713,0.355426
2025-01-02,002377.SZ,BUY,100,13.7868,0.275736
2025-01-02,002378.SZ,BUY,100,17.8929,0.35785800000000006
2025-01-02,002386.SZ,BUY,100,11.0821,0.221642
2025-01-02,002420.SZ,BUY,300,5.3978,0.32386800000000004
2025-01-02,002423.SZ,BUY,100,14.0581,0.281162
2025-01-02,002425.SZ,BUY,200,9.5573,0.382292
2025-01-02,002426.SZ,BUY,100,13.9565,0.27913000000000004
2025-01-02,002427.SZ,BUY,200,6.9878,0.279512
2025-01-02,002442.SZ,BUY,100,16.3985,0.32797
2025-01-02,002445.SZ,BUY,100,17.6683,0.353366
2025-01-02,002451.SZ,BUY,100,18.8921,0.377842
2025-01-02,002454.SZ,BUY,100,19.1118,0.38223599999999996
2025-01-02,002470.SZ,BUY,200,8.3677,0.334708
2025-01-02,002471.SZ,BUY,100,18.8461,0.376922
2025-01-02,002478.SZ,BUY,100,14.5572,0.291144
2025-01-02,002482.SZ,BUY,100,18.2257,0.364514
2025-01-02,002483.SZ,BUY,100,16.7272,0.334544
2025-01-02,002485.SZ,BUY,200,9.1096,0.36438400000000004
2025-01-02,002486.SZ,BUY,100,10.4506,0.209012
2025-01-02,002490.SZ,BUY,300,5.7032,0.342192
2025-01-02,002491.SZ,BUY,100,19.4611,0.389222
2025-01-02,002492.SZ,BUY,100,16.0928,0.32185600000000003
2025-01-02,002500.SZ,BUY,200,7.517,0.30068000000000006
2025-01-02,002501.SZ,BUY,100,12.435,0.2487
2025-01-02,002506.SZ,BUY,100,13.0995,0.26199
2025-01-02,002513.SZ,BUY,100,13.2668,0.265336
2025-01-02,002524.SZ,BUY,100,16.4638,0.329276
2025-01-02,002529.SZ,BUY,100,10.7299,0.214598
2025-01-02,002535.SZ,BUY,100,13.2704,0.26540800000000003
2025-01-02,002548.SZ,BUY,100,19.2437,0.38487400000000005
2025-01-02,002554.SZ,BUY,100,17.8065,0.35613000000000006
2025-01-02,002561.SZ,BUY,100,13.6734,0.27346800000000004
2025-01-02,002564.SZ,BUY,100,14.0194,0.28038799999999997
2025-01-02,002569.SZ,BUY,100,15.8922,0.317844
2025-01-02,002570.SZ,BUY,100,11.0894,0.221788
2025-01-02,002571.SZ,BUY,100,16.5315,0.33063000000000003
2025-01-02,002574.SZ,BUY,100,11.1963,0.22392600000000004
2025-01-02,002578.SZ,BUY,100,15.6144,0.312288
2025-01-02,002584.SZ,BUY,100,19.1555,0.38311
2025-01-02,002586.SZ,BUY,100,15.5517,0.31103400000000003
2025-01-02,002591.SZ,BUY,100,16.9777,0.339554
2025-01-02,002592.SZ,BUY,100,12.2172,0.244344
2025-01-02,002593.SZ,BUY,100,17.5339,0.350678
2025-01-02,002596.SZ,BUY,100,16.8402,0.336804
2025-01-02,002613.SZ,BUY,100,14.7623,0.295246
2025-01-02,002620.SZ,BUY,100,17.002,0.34003999999999995
2025-01-02,002622.SZ,BUY,100,15.9253,0.318506
2025-01-02,002623.SZ,BUY,100,15.9486,0.31897200000000003
2025-01-02,002627.SZ,BUY,100,17.0146,0.34029200000000004
2025-01-02,002628.SZ,BUY,100,16.7127,0.33425400000000005
2025-01-02,002629.SZ,BUY,100,15.9164,0.318328
2025-01-02,002631.SZ,BUY,100,19.2725,0.38545
2025-01-02,002633.SZ,BUY,100,16.4344,0.32868800000000004
2025-01-02,002638.SZ,BUY,100,11.2559,0.22511800000000004
2025-01-02,002646.SZ,BUY,100,12.0456,0.240912
2025-01-02,002652.SZ,BUY,100,14.2001,0.28400200000000003
2025-01-02,002659.SZ,BUY,200,9.1922,0.367688
2025-01-02,002662.SZ,BUY,100,18.9163,0.378326
2025-01-02,002663.SZ,BUY,100,16.245,0.3249
2025-01-02,002671.SZ,BUY,100,18.2472,0.36494400000000005
2025-01-02,002674.SZ,BUY,100,13.1581,0.263162
2025-01-02,002678.SZ,BUY,100,12.5921,0.251842
2025-01-02,002679.SZ,BUY,100,14.546,0.29092
2025-01-02,002682.SZ,BUY,100,11.0744,0.22148800000000002
2025-01-02,002689.SZ,BUY,100,12.9862,0.259724
2025-01-02,002691.SZ,BUY,200,8.5763,0.343052
2025-01-02,002692.SZ,BUY,100,16.0887,0.321774
2025-01-02,002694.SZ,BUY,100,18.4764,0.369528
2025-01-02,002696.SZ,BUY,100,17.4682,0.349364
2025-01-02,002713.SZ,BUY,100,15.546,0.31092
2025-01-02,002716.SZ,BUY,100,12.9366,0.258732
2025-01-02,002719.SZ,BUY,100,12.8404,0.256808
2025-01-02,002721.SZ,BUY,200,8.0101,0.320404
2025-01-02,002722.SZ,BUY,100,15.2574,0.30514800000000003
2025-01-02,002723.SZ,BUY,100,19.4793,0.389586
2025-01-02,002724.SZ,BUY,100,10.186,0.20372
2025-01-02,002731.SZ,BUY,100,16.6169,0.332338
2025-01-02,002732.SZ,BUY,100,17.4579,0.349158
2025-01-02,002736.SZ,BUY,100,13.3395,0.26678999999999997
2025-01-02,002742.SZ,BUY,100,19.1283,0.382566
2025-01-02,002743.SZ,BUY,100,13.4704,0.269408
2025-01-02,002748.SZ,BUY,100,17.0943,0.341886
2025-01-02,002752.SZ,BUY,100,13.1299,0.262598
2025-01-02,002760.SZ,BUY,100,16.8125,0.33625
2025-01-02,002763.SZ,BUY,100,17.1359,0.342718
2025-01-02,002765.SZ,BUY,100,18.2643,0.365286
2025-01-02,002766.SZ,BUY,100,11.393,0.22786000000000003
2025-01-02,002772.SZ,BUY,100,17.3025,0.34604999999999997
2025-01-02,002774.SZ,BUY,200,8.303,0.33212
2025-01-02,002775.SZ,BUY,100,17.8836,0.35767200000000005
2025-01-02,002787.SZ,BUY,100,16.6991,0.33398200000000006
2025-01-02,002789.SZ,BUY,100,15.7636,0.31527200000000005
2025-01-02,002793.SZ,BUY,100,13.6017,0.272034
2025-01-02,002795.SZ,BUY,100,17.0395,0.34079000000000004
2025-01-02,002797.SZ,BUY,100,13.0475,0.26095
2025-01-02,002798.SZ,BUY,100,13.2207,0.26441400000000004
2025-01-02,002806.SZ,BUY,100,19.2675,0.38534999999999997
2025-01-02,002807.SZ,BUY,200,6.5466,0.261864
2025-01-02,002808.SZ,BUY,200,6.7312,0.269248
2025-01-02,002811.SZ,BUY,100,15.9693,0.319386
2025-01-02,002816.SZ,BUY,100,14.6614,0.29322800000000004
2025-01-02,002822.SZ,BUY,200,8.017,0.32067999999999997
2025-01-02,002826.SZ,BUY,100,10.9226,0.218452
2025-01-02,002828.SZ,BUY,100,14.9251,0.298502
2025-01-02,002839.SZ,BUY,300,6.3308,0.379848
2025-01-02,002842.SZ,BUY,100,17.5559,0.35111800000000004
2025-01-02,002848.SZ,BUY,200,7.5544,0.30217600000000006
2025-01-02,002855.SZ,BUY,100,19.1259,0.382518
2025-01-02,002856.SZ,BUY,100,10.9943,0.21988600000000003
2025-01-02,002861.SZ,BUY,100,17.572,0.35144
2025-01-02,002863.SZ,BUY,200,7.7901,0.311604
2025-01-02,002872.SZ,BUY,200,6.7819,0.271276
2025-01-02,002882.SZ,BUY,100,17.8672,0.357344
2025-01-02,002893.SZ,BUY,100,17.2384,0.344768
2025-01-02,002898.SZ,BUY,100,10.7117,0.21423400000000004
2025-01-02,002900.SZ,BUY,100,16.7284,0.33456800000000003
2025-01-02,002905.SZ,BUY,100,18.6869,0.373738
2025-01-02,002907.SZ,BUY,100,13.0387,0.26077400000000006
2025-01-02,002909.SZ,BUY,100,14.8349,0.296698
2025-01-02,002910.SZ,BUY,200,7.5669,0.30267600000000006
2025-01-02,002921.SZ,BUY,100,15.8298,0.31659600000000004
2025-01-02,002926.SZ,BUY,200,8.3807,0.33522799999999997
2025-01-02,002928.SZ,BUY,100,17.2779,0.34555800000000003
2025-01-02,002936.SZ,BUY,600,2.8596,0.343152
2025-01-02,002939.SZ,BUY,200,8.5329,0.341316
2025-01-02,002941.SZ,BUY,100,11.2739,0.22547799999999998
2025-01-02,002945.SZ,BUY,100,15.013,0.30026
2025-01-02,002946.SZ,BUY,100,15.2548,0.30509600000000003
2025-01-02,002948.SZ,BUY,300,5.2249,0.313494
2025-01-02,002950.SZ,BUY,100,14.2652,0.285304
2025-01-02,002951.SZ,BUY,200,7.4823,0.299292
2025-01-02,002957.SZ,BUY,100,15.7606,0.315212
2025-01-02,002958.SZ,BUY,500,3.4439,0.34439000000000003
2025-01-02,002961.SZ,BUY,100,14.9861,0.29972200000000004
2025-01-02,002963.SZ,BUY,100,11.7128,0.234256
2025-01-02,002966.SZ,BUY,100,10.8332,0.216664
2025-01-02,002969.SZ,BUY,500,3.3264,0.33264000000000005
2025-01-02,002972.SZ,BUY,100,16.158,0.32316000000000006
2025-01-02,002973.SZ,BUY,100,10.7751,0.215502
2025-01-02,002996.SZ,BUY,200,8.6528,0.34611200000000003
2025-01-02,002998.SZ,BUY,300,6.5131,0.39078599999999997
2025-01-02,002999.SZ,BUY,200,8.8545,0.35418
2025-01-02,003000.SZ,BUY,100,15.3921,0.307842
2025-01-02,003003.SZ,BUY,100,10.4735,0.20947
2025-01-02,003012.SZ,BUY,200,7.4525,0.29810000000000003
2025-01-02,003013.SZ,BUY,100,16.514,0.33027999999999996
2025-01-02,003015.SZ,BUY,100,14.8145,0.29629
2025-01-02,003016.SZ,BUY,100,9.9315,0.19863
2025-01-02,003018.SZ,BUY,100,9.9405,0.19881
2025-01-02,003022.SZ,BUY,100,17.948,0.35896
2025-01-02,003030.SZ,BUY,100,16.0332,0.32066400000000006
2025-01-02,003032.SZ,BUY,200,9.4831,0.37932400000000005
2025-01-02,003035.SZ,BUY,400,4.1157,0.32925600000000005
2025-01-02,003036.SZ,BUY,100,12.7867,0.255734
2025-01-02,003037.SZ,BUY,200,7.6079,0.304316
2025-01-02,003039.SZ,BUY,100,13.088,0.26176
2025-01-02,003040.SZ,BUY,100,13.5452,0.27090400000000003
2025-01-02,003042.SZ,BUY,100,18.7212,0.374424
2025-01-02,003816.SZ,BUY,400,4.5019,0.360152
2025-01-02,300013.SZ,BUY,100,15.3704,0.307408
2025-01-02,300032.SZ,BUY,100,18.5728,0.37145600000000006
2025-01-02,300057.SZ,BUY,100,12.3846,0.24769200000000002
2025-01-02,300080.SZ,BUY,100,11.2868,0.22573599999999996
2025-01-02,300094.SZ,BUY,200,9.4833,0.379332
2025-01-02,300096.SZ,BUY,100,16.2423,0.324846
2025-01-02,300097.SZ,BUY,100,19.3801,0.38760199999999995
2025-01-02,300106.SZ,BUY,100,13.5237,0.270474
2025-01-02,300110.SZ,BUY,100,19.0255,0.38051000000000007
2025-01-02,300111.SZ,BUY,200,7.1123,0.284492
2025-01-02,300157.SZ,BUY,100,17.552,0.35104
2025-01-02,300167.SZ,BUY,100,15.8299,0.316598
2025-01-02,300195.SZ,BUY,100,18.4648,0.369296
2025-01-02,300203.SZ,BUY,100,15.6193,0.31238600000000005
2025-01-02,300254.SZ,BUY,100,12.8474,0.256948
2025-01-02,300268.SZ,BUY,100,13.6588,0.273176
2025-01-02,300269.SZ,BUY,100,16.7203,0.33440600000000004
2025-01-02,300289.SZ,BUY,100,12.514,0.25028
2025-01-02,300300.SZ,BUY,100,18.2544,0.365088
2025-01-02,300301.SZ,BUY,100,10.2516,0.20503200000000002
2025-01-02,300307.SZ,BUY,100,18.7027,0.374054
2025-01-02,300313.SZ,BUY,100,11.5152,0.230304
2025-01-02,300317.SZ,BUY,100,9.9612,0.199224
2025-01-02,300329.SZ,BUY,100,19.4818,0.38963600000000004
2025-01-02,300332.SZ,BUY,100,11.882,0.23764000000000002
2025-01-02,300334.SZ,BUY,100,12.8445,0.25689
2025-01-02,300335.SZ,BUY,100,12.8558,0.257116
2025-01-02,300350.SZ,BUY,100,19.4644,0.389288
2025-01-02,300385.SZ,BUY,100,18.4521,0.36904200000000004
2025-01-02,300391.SZ,BUY,100,18.6288,0.372576
2025-01-02,300402.SZ,BUY,100,15.1596,0.303192
2025-01-02,300405.SZ,BUY,100,19.027,0.38054000000000004
2025-01-02,300427.SZ,BUY,100,19.2506,0.385012
2025-01-02,300460.SZ,BUY,100,16.7513,0.33502600000000005
2025-01-02,300462.SZ,BUY,100,18.1464,0.362928
2025-01-02,300464.SZ,BUY,100,13.1284,0.262568
2025-01-02,300472.SZ,BUY,100,16.0498,0.320996
2025-01-02,300477.SZ,BUY,100,18.1969,0.36393800000000004
2025-01-02,300478.SZ,BUY,100,17.3972,0.3479440000000001
2025-01-02,300483.SZ,BUY,100,18.1433,0.362866
2025-01-02,300486.SZ,BUY,100,15.3201,0.306402
2025-01-02,300490.SZ,BUY,100,15.6439,0.31287800000000004
2025-01-02,300504.SZ,BUY,100,18.4714,0.369428
2025-01-02,300506.SZ,BUY,100,14.9204,0.298408
2025-01-02,300511.SZ,BUY,100,10.4402,0.20880400000000002
2025-01-02,300517.SZ,BUY,100,15.1337,0.302674
2025-01-02,300527.SZ,BUY,100,15.6775,0.31355
2025-01-02,300528.SZ,BUY,100,10.6208,0.212416
2025-01-02,300536.SZ,BUY,100,18.3359,0.366718
2025-01-02,300556.SZ,BUY,100,19.5405,0.39081000000000005
2025-01-02,300565.SZ,BUY,100,16.2567,0.325134
2025-01-02,300591.SZ,BUY,300,5.3474,0.320844
2025-01-02,300594.SZ,BUY,100,17.1965,0.34393
2025-01-02,300597.SZ,BUY,200,8.677,0.34708
2025-01-02,300599.SZ,BUY,200,7.8423,0.313692
2025-01-02,300614.SZ,BUY,200,9.3122,0.37248800000000004
2025-01-02,300621.SZ,BUY,100,14.458,0.28916000000000003
2025-01-02,300625.SZ,BUY,100,15.1012,0.302024
2025-01-02,300626.SZ,BUY,100,16.4597,0.32919400000000004
2025-01-02,300635.SZ,BUY,100,15.6201,0.312402
2025-01-02,300637.SZ,BUY,100,17.7646,0.355292
2025-01-02,300640.SZ,BUY,100,17.0758,0.34151600000000004
2025-01-02,300643.SZ,BUY,100,12.2454,0.24490800000000001
2025-01-02,300647.SZ,BUY,100,16.5236,0.330472
2025-01-02,300658.SZ,BUY,100,15.0613,0.301226
2025-01-02,300664.SZ,BUY,200,9.5646,0.38258400000000004
2025-01-02,300665.SZ,BUY,100,13.981,0.27962
2025-01-02,300670.SZ,BUY,100,15.6451,0.312902
2025-01-02,300675.SZ,BUY,100,15.7757,0.31551400000000007
2025-01-02,300682.SZ,BUY,100,18.2779,0.365558
2025-01-02,300686.SZ,BUY,100,13.7136,0.274272
2025-01-02,300692.SZ,BUY,100,16.5024,0.33004800000000006
2025-01-02,300694.SZ,BUY,100,16.4253,0.328506
2025-01-02,300716.SZ,BUY,100,18.1426,0.36285200000000006
2025-01-02,300737.SZ,BUY,200,9.077,0.36308
2025-01-02,300745.SZ,BUY,100,15.469,0.30938
2025-01-02,300746.SZ,BUY,100,12.3514,0.24702800000000003
2025-01-02,300749.SZ,BUY,100,11.5481,0.230962
2025-01-02,300766.SZ,BUY,100,16.8428,0.336856
2025-01-02,300774.SZ,BUY,200,9.0906,0.36362400000000006
2025-01-02,300780.SZ,BUY,100,14.5752,0.291504
2025-01-02,300797.SZ,BUY,100,17.7226,0.354452
2025-01-02,300798.SZ,BUY,200,7.3038,0.292152
2025-01-02,300805.SZ,BUY,100,11.9487,0.23897400000000005
2025-01-02,300821.SZ,BUY,200,8.0655,0.32262
2025-01-02,300824.SZ,BUY,100,16.1687,0.32337400000000005
2025-01-02,300825.SZ,BUY,100,16.5942,0.331884
2025-01-02,300830.SZ,BUY,200,8.0474,0.321896
2025-01-02,300831.SZ,BUY,100,15.5048,0.31009600000000004
2025-01-02,300838.SZ,BUY,100,13.4366,0.268732
2025-01-02,300839.SZ,BUY,100,16.684,0.33368000000000003
2025-01-02,300846.SZ,BUY,100,14.1725,0.28345000000000004
2025-01-02,300854.SZ,BUY,100,12.3475,0.24695
2025-01-02,300867.SZ,BUY,100,12.9901,0.25980200000000003
2025-01-02,300869.SZ,BUY,100,14.0651,0.281302
2025-01-02,300871.SZ,BUY,100,16.0429,0.32085800000000003
2025-01-02,300877.SZ,BUY,100,14.4571,0.289142
2025-01-02,300879.SZ,BUY,100,15.2807,0.305614
2025-01-02,300883.SZ,BUY,300,5.3742,0.322452
2025-01-02,300889.SZ,BUY,100,13.4505,0.26901
2025-01-02,300891.SZ,BUY,200,8.1395,0.32558000000000004
2025-01-02,300894.SZ,BUY,100,14.8336,0.29667200000000005
2025-01-02,300901.SZ,BUY,100,12.1636,0.24327200000000004
2025-01-02,300903.SZ,BUY,100,14.1926,0.283852
2025-01-02,300912.SZ,BUY,100,11.394,0.22788000000000003
2025-01-02,300918.SZ,BUY,100,10.5866,0.21173200000000003
2025-01-02,300920.SZ,BUY,100,17.8314,0.356628
2025-01-02,300929.SZ,BUY,100,13.3746,0.26749199999999995
2025-01-02,300931.SZ,BUY,200,6.7151,0.268604
2025-01-02,300933.SZ,BUY,200,8.009,0.32036000000000003
2025-01-02,300942.SZ,BUY,200,8.5703,0.342812
2025-01-02,300943.SZ,BUY,100,19.2118,0.384236
2025-01-02,300945.SZ,BUY,100,13.0262,0.260524
2025-01-02,300948.SZ,BUY,100,14.1632,0.283264
2025-01-02,300955.SZ,BUY,100,17.0418,0.340836
2025-01-02,300958.SZ,BUY,100,11.7283,0.23456600000000005
2025-01-02,300961.SZ,BUY,100,10.0439,0.20087800000000003
2025-01-02,300962.SZ,BUY,100,16.6104,0.332208
2025-01-02,300966.SZ,BUY,100,15.9852,0.319704
2025-01-02,300967.SZ,BUY,100,11.7666,0.23533200000000004
2025-01-02,300968.SZ,BUY,100,17.2383,0.344766
2025-01-02,300975.SZ,BUY,100,16.4621,0.32924200000000003
2025-01-02,300978.SZ,BUY,100,11.2305,0.22461
2025-01-02,300987.SZ,BUY,100,18.7801,0.375602
2025-01-02,300994.SZ,BUY,100,14.6496,0.29299200000000003
2025-01-02,300995.SZ,BUY,100,16.1894,0.32378799999999996
2025-01-02,300997.SZ,BUY,100,17.0418,0.340836
2025-01-02,300998.SZ,BUY,100,15.8828,0.317656
2025-01-02,301006.SZ,BUY,100,13.8764,0.27752800000000005
2025-01-02,301007.SZ,BUY,100,18.0774,0.36154800000000004
2025-01-02,301009.SZ,BUY,100,10.9976,0.219952
2025-01-02,301013.SZ,BUY,100,16.926,0.33852
2025-01-02,301017.SZ,BUY,100,12.152,0.24303999999999998
2025-01-02,301020.SZ,BUY,100,18.8124,0.376248
2025-01-02,301025.SZ,BUY,200,9.5568,0.38227200000000006
2025-01-02,301027.SZ,BUY,100,15.6196,0.312392
2025-01-02,301028.SZ,BUY,100,11.1081,0.222162
2025-01-02,301032.SZ,BUY,200,9.2206,0.368824
2025-01-02,301037.SZ,BUY,100,16.1468,0.322936
2025-01-02,301039.SZ,BUY,200,9.769,0.39076
2025-01-02,301040.SZ,BUY,100,12.3274,0.24654800000000002
2025-01-02,301048.SZ,BUY,200,9.0443,0.361772
2025-01-02,301055.SZ,BUY,100,16.3955,0.32791
2025-01-02,301056.SZ,BUY,200,8.4629,0.338516
2025-01-02,301057.SZ,BUY,100,12.9135,0.25827000000000006
2025-01-02,301058.SZ,BUY,100,10.6769,0.21353800000000003
2025-01-02,301060.SZ,BUY,200,9.1039,0.36415600000000004
2025-01-02,301062.SZ,BUY,100,12.9846,0.25969200000000003
2025-01-02,301063.SZ,BUY,100,15.8255,0.31651
2025-01-02,301069.SZ,BUY,100,14.6197,0.29239400000000004
2025-01-02,301072.SZ,BUY,100,18.5071,0.370142
2025-01-02,301075.SZ,BUY,100,18.2,0.364
2025-01-02,301078.SZ,BUY,100,11.9057,0.238114
2025-01-02,301079.SZ,BUY,100,19.5442,0.390884
2025-01-02,301081.SZ,BUY,100,11.1146,0.22229200000000002
2025-01-02,301082.SZ,BUY,100,19.2853,0.385706
2025-01-02,301083.SZ,BUY,100,13.8142,0.27628400000000003
2025-01-02,301088.SZ,BUY,100,16.557,0.33114
2025-01-02,301090.SZ,BUY,200,6.8763,0.275052
2025-01-02,301098.SZ,BUY,100,12.179,0.24358000000000002
2025-01-02,301100.SZ,BUY,100,17.3128,0.346256
2025-01-02,301111.SZ,BUY,100,16.6381,0.33276200000000006
2025-01-02,301115.SZ,BUY,100,14.5751,0.29150200000000004
2025-01-02,301116.SZ,BUY,100,12.6094,0.252188
2025-01-02,301118.SZ,BUY,100,19.2239,0.38447800000000004
2025-01-02,301120.SZ,BUY,100,14.6858,0.293716
2025-01-02,301126.SZ,BUY,100,10.3535,0.20707000000000003
2025-01-02,301136.SZ,BUY,100,11.5783,0.23156600000000005
2025-01-02,301137.SZ,BUY,100,17.0984,0.34196800000000005
2025-01-02,301148.SZ,BUY,100,18.9865,0.37973
2025-01-02,301149.SZ,BUY,100,10.1485,0.20297
2025-01-02,301151.SZ,BUY,100,15.7327,0.314654
2025-01-02,301158.SZ,BUY,100,14.3118,0.28623600000000005
2025-01-02,301167.SZ,BUY,100,18.0728,0.36145600000000006
2025-01-02,301175.SZ,BUY,300,5.2863,0.317178
2025-01-02,301176.SZ,BUY,100,16.3047,0.326094
2025-01-02,301180.SZ,BUY,100,14.8699,0.297398
2025-01-02,301185.SZ,BUY,100,17.0217,0.34043399999999996
2025-01-02,301188.SZ,BUY,100,14.8601,0.297202
2025-01-02,301190.SZ,BUY,100,15.729,0.31457999999999997
2025-01-02,301192.SZ,BUY,100,17.5377,0.350754
2025-01-02,301197.SZ,BUY,100,14.8067,0.296134
2025-01-02,301198.SZ,BUY,100,18.9346,0.37869200000000003
2025-01-02,301215.SZ,BUY,300,5.9229,0.355374
2025-01-02,301216.SZ,BUY,100,15.4193,0.30838600000000005
2025-01-02,301217.SZ,BUY,100,10.8142,0.21628400000000003
2025-01-02,301223.SZ,BUY,100,16.385,0.32770000000000005
2025-01-02,301227.SZ,BUY,100,17.0014,0.34002800000000005
2025-01-02,301228.SZ,BUY,100,12.9049,0.258098
2025-01-02,301231.SZ,BUY,100,18.1022,0.36204400000000003
2025-01-02,301235.SZ,BUY,100,19.4874,0.38974800000000004
2025-01-02,301238.SZ,BUY,100,15.4829,0.309658
2025-01-02,301246.SZ,BUY,100,13.291,0.26582000000000006
2025-01-02,301256.SZ,BUY,200,7.8061,0.312244
2025-01-02,301260.SZ,BUY,100,12.9741,0.25948200000000005
2025-01-02,301265.SZ,BUY,200,8.8792,0.35516800000000004
2025-01-02,301268.SZ,BUY,100,16.3747,0.327494
2025-01-02,301273.SZ,BUY,100,18.5532,0.371064
2025-01-02,301288.SZ,BUY,100,15.2582,0.305164
2025-01-02,301292.SZ,BUY,100,12.86,0.25720000000000004
2025-01-02,301296.SZ,BUY,100,10.0623,0.201246
2025-01-02,301298.SZ,BUY,100,13.8753,0.27750600000000003
2025-01-02,301301.SZ,BUY,100,11.9212,0.23842400000000002
2025-01-02,301305.SZ,BUY,100,17.5539,0.351078
2025-01-02,301311.SZ,BUY,100,17.4331,0.348662
2025-01-02,301320.SZ,BUY,100,14.8098,0.296196
2025-01-02,301332.SZ,BUY,100,9.9248,0.19849599999999998
2025-01-02,301355.SZ,BUY,100,13.5572,0.271144
2025-01-02,301370.SZ,BUY,100,10.5515,0.21103000000000002
2025-01-02,301376.SZ,BUY,100,19.2085,0.38417000000000007
2025-01-02,301389.SZ,BUY,100,17.2355,0.34470999999999996
2025-01-02,301395.SZ,BUY,100,15.9951,0.319902
2025-01-02,301408.SZ,BUY,100,10.9686,0.21937200000000004
2025-01-02,301429.SZ,BUY,100,15.851,0.31702
2025-01-02,301439.SZ,BUY,100,15.1366,0.302732
2025-01-02,301500.SZ,BUY,100,17.47,0.34940000000000004
2025-01-02,301507.SZ,BUY,100,12.5344,0.250688
2025-01-02,301511.SZ,BUY,100,17.1938,0.343876
2025-01-02,301515.SZ,BUY,100,18.1088,0.362176
2025-01-02,301516.SZ,BUY,100,18.7068,0.374136
2025-01-02,301518.SZ,BUY,100,16.1823,0.32364600000000004
2025-01-02,301519.SZ,BUY,100,13.365,0.26730000000000004
2025-01-02,301558.SZ,BUY,200,8.9474,0.35789600000000005
2025-01-02,301559.SZ,BUY,100,16.0193,0.320386
2025-01-02,600010.SH,BUY,100,15.2034,0.304068
2025-01-02,600017.SH,BUY,100,10.8294,0.21658800000000003
2025-01-02,600018.SH,BUY,200,9.7749,0.390996
2025-01-02,600020.SH,BUY,100,18.5779,0.371558
2025-01-02,600022.SH,BUY,200,8.4729,0.338916
2025-01-02,600023.SH,BUY,100,10.2913,0.20582599999999998
2025-01-02,600025.SH,BUY,100,11.1681,0.22336200000000003
2025-01-02,600027.SH,BUY,100,11.9131,0.238262
2025-01-02,600029.SH,BUY,100,10.7832,0.21566400000000005
2025-01-02,600032.SH,BUY,200,7.3145,0.29258
2025-01-02,600035.SH,BUY,100,15.9245,0.31849000000000005
2025-01-02,600050.SH,BUY,200,8.9591,0.358364
2025-01-02,600052.SH,BUY,100,15.5808,0.311616
2025-01-02,600076.SH,BUY,200,6.7911,0.271644
2025-01-02,600082.SH,BUY,100,16.5965,0.33193
2025-01-02,600094.SH,BUY,100,9.8492,0.196984
2025-01-02,600097.SH,BUY,100,15.7132,0.31426400000000004
2025-01-02,600103.SH,BUY,100,13.4735,0.26947
2025-01-02,600107.SH,BUY,100,11.9088,0.238176
2025-01-02,600115.SH,BUY,300,5.3952,0.323712
2025-01-02,600117.SH,BUY,300,6.0493,0.362958
2025-01-02,600135.SH,BUY,100,18.7455,0.37491
2025-01-02,600136.SH,BUY,300,4.9587,0.29752200000000006
2025-01-02,600149.SH,BUY,100,11.8456,0.236912
2025-01-02,600152.SH,BUY,100,17.9887,0.35977400000000004
2025-01-02,600156.SH,BUY,200,9.2403,0.369612
2025-01-02,600162.SH,BUY,100,18.7419,0.374838
2025-01-02,600163.SH,BUY,100,14.0607,0.281214
2025-01-02,600165.SH,BUY,100,12.4788,0.249576
2025-01-02,600168.SH,BUY,100,14.4347,0.288694
2025-01-02,600173.SH,BUY,200,9.7773,0.39109200000000005
2025-01-02,600179.SH,BUY,200,6.5726,0.262904
2025-01-02,600180.SH,BUY,100,13.1432,0.262864
2025-01-02,600187.SH,BUY,100,15.1319,0.302638
2025-01-02,600192.SH,BUY,100,10.079,0.20158000000000004
2025-01-02,600198.SH,BUY,100,15.2215,0.30443000000000003
2025-01-02,600203.SH,BUY,100,14.7648,0.295296
2025-01-02,600207.SH,BUY,200,6.7631,0.270524
2025-01-02,600215.SH,BUY,100,15.4912,0.309824
2025-01-02,600218.SH,BUY,100,16.5459,0.330918
2025-01-02,600221.SH,BUY,300,5.3607,0.321642
2025-01-02,600223.SH,BUY,100,15.3022,0.306044
2025-01-02,600227.SH,BUY,100,13.6848,0.273696
2025-01-02,600229.SH,BUY,100,11.7363,0.23472600000000005
2025-01-02,600231.SH,BUY,100,16.2448,0.3248960000000001
2025-01-02,600232.SH,BUY,100,17.5111,0.350222
2025-01-02,600234.SH,BUY,100,12.4001,0.248002
2025-01-02,600235.SH,BUY,100,12.8205,0.25641
2025-01-02,600241.SH,BUY,100,17.6826,0.353652
2025-01-02,600243.SH,BUY,300,5.8435,0.35061000000000003
2025-01-02,600248.SH,BUY,100,18.3079,0.366158
2025-01-02,600273.SH,BUY,100,16.2285,0.32457
2025-01-02,600278.SH,BUY,100,15.9719,0.319438
2025-01-02,600279.SH,BUY,100,11.8991,0.23798200000000003
2025-01-02,600281.SH,BUY,300,6.2248,0.37348800000000004
2025-01-02,600293.SH,BUY,100,10.3356,0.206712
2025-01-02,600302.SH,BUY,100,14.3758,0.287516
2025-01-02,600303.SH,BUY,100,19.0239,0.38047800000000004
2025-01-02,600307.SH,BUY,200,6.5971,0.263884
2025-01-02,600319.SH,BUY,200,6.989,0.27956000000000003
2025-01-02,600333.SH,BUY,100,15.4897,0.30979399999999996
2025-01-02,600339.SH,BUY,100,14.7995,0.29599000000000003
2025-01-02,600354.SH,BUY,100,17.5727,0.35145400000000004
2025-01-02,600356.SH,BUY,100,16.761,0.33522
2025-01-02,600358.SH,BUY,100,12.837,0.25674
2025-01-02,600359.SH,BUY,100,9.9558,0.19911600000000002
2025-01-02,600365.SH,BUY,200,7.6421,0.305684
2025-01-02,600370.SH,BUY,100,13.5103,0.27020600000000006
2025-01-02,600381.SH,BUY,500,3.6691,0.36691
2025-01-02,600396.SH,BUY,100,17.597,0.35194000000000003
2025-01-02,600397.SH,BUY,100,15.1437,0.30287400000000003
2025-01-02,600403.SH,BUY,100,17.5711,0.35142200000000007
2025-01-02,600408.SH,BUY,200,8.5122,0.340488
2025-01-02,600421.SH,BUY,100,13.6197,0.272394
2025-01-02,600429.SH,BUY,200,6.5985,0.26393999999999995
2025-01-02,600448.SH,BUY,300,5.8786,0.35271600000000003
2025-01-02,600469.SH,BUY,100,17.2205,0.34441000000000005
2025-01-02,600470.SH,BUY,100,13.2299,0.264598
2025-01-02,600493.SH,BUY,100,14.2886,0.285772
2025-01-02,600503.SH,BUY,200,8.0152,0.320608
2025-01-02,600512.SH,BUY,100,15.294,0.30588000000000004
2025-01-02,600515.SH,BUY,100,11.882,0.23764000000000002
2025-01-02,600526.SH,BUY,100,17.1671,0.34334200000000004
2025-01-02,600537.SH,BUY,100,13.7046,0.274092
2025-01-02,600538.SH,BUY,100,15.7773,0.315546
2025-01-02,600539.SH,BUY,200,8.5217,0.340868
2025-01-02,600540.SH,BUY,100,13.4993,0.269986
2025-01-02,600543.SH,BUY,100,11.5095,0.23018999999999998
2025-01-02,600545.SH,BUY,100,10.3771,0.207542
2025-01-02,600561.SH,BUY,100,14.9915,0.29983000000000004
2025-01-02,600567.SH,BUY,200,8.1748,0.326992
2025-01-02,600568.SH,BUY,100,16.7895,0.33579000000000003
2025-01-02,600569.SH,BUY,300,5.093,0.30558
2025-01-02,600573.SH,BUY,100,14.8976,0.297952
2025-01-02,600665.SH,BUY,100,15.2591,0.305182
2025-01-02,600688.SH,BUY,100,11.9099,0.23819800000000002
2025-01-02,600707.SH,BUY,100,18.3174,0.366348
2025-01-02,600715.SH,BUY,100,9.7948,0.19589600000000001
2025-01-02,600716.SH,BUY,100,17.5125,0.35025
2025-01-02,600721.SH,BUY,200,9.4391,0.377564
2025-01-02,600726.SH,BUY,200,8.0578,0.322312
2025-01-02,600744.SH,BUY,100,12.5239,0.250478
2025-01-02,600751.SH,BUY,100,11.8299,0.236598
2025-01-02,600758.SH,BUY,200,9.5401,0.38160400000000005
2025-01-02,600759.SH,BUY,100,10.2257,0.204514
2025-01-02,600775.SH,BUY,100,14.2908,0.28581600000000007
2025-01-02,600802.SH,BUY,100,12.8862,0.257724
2025-01-02,600808.SH,BUY,200,7.4801,0.299204
2025-01-02,600815.SH,BUY,100,16.6119,0.332238
2025-01-02,600819.SH,BUY,100,18.4724,0.369448
2025-01-02,600831.SH,BUY,100,16.3501,0.32700200000000007
2025-01-02,600841.SH,BUY,100,14.6792,0.293584
2025-01-02,600844.SH,BUY,100,17.6161,0.352322
2025-01-02,600853.SH,BUY,100,12.7759,0.255518
2025-01-02,600855.SH,BUY,100,19.5035,0.39007000000000003
2025-01-02,600860.SH,BUY,100,16.1497,0.322994
2025-01-02,600871.SH,BUY,300,4.9036,0.294216
2025-01-02,600874.SH,BUY,100,10.8568,0.21713600000000002
2025-01-02,600876.SH,BUY,100,13.2567,0.26513400000000004
2025-01-02,600901.SH,BUY,100,10.0495,0.20099000000000003
2025-01-02,600903.SH,BUY,100,11.2716,0.225432
2025-01-02,600905.SH,BUY,400,4.4284,0.354272
2025-01-02,600906.SH,BUY,200,7.0951,0.283804
2025-01-02,600908.SH,BUY,200,7.2877,0.291508
2025-01-02,600909.SH,BUY,200,7.1699,0.286796
2025-01-02,600916.SH,BUY,200,9.4589,0.378356
2025-01-02,600917.SH,BUY,200,6.7553,0.270212
2025-01-02,600918.SH,BUY,300,6.5111,0.390666
2025-01-02,600919.SH,BUY,100,14.9991,0.299982
2025-01-02,600925.SH,BUY,300,5.5558,0.333348
2025-01-02,600927.SH,BUY,100,13.2173,0.264346
2025-01-02,600928.SH,BUY,400,4.2923,0.343384
2025-01-02,600929.SH,BUY,300,6.1937,0.371622
2025-01-02,600933.SH,BUY,100,17.5408,0.35081600000000007
2025-01-02,600935.SH,BUY,700,2.5439,0.35614599999999996
2025-01-02,600936.SH,BUY,600,2.9024,0.34828800000000004
2025-01-02,600939.SH,BUY,600,3.2158,0.385896
2025-01-02,600955.SH,BUY,100,15.6475,0.31295
2025-01-02,600956.SH,BUY,200,8.0051,0.32020400000000004
2025-01-02,600958.SH,BUY,100,12.2288,0.244576
2025-01-02,600959.SH,BUY,400,4.6029,0.36823200000000006
2025-01-02,600960.SH,BUY,100,14.5472,0.29094400000000004
2025-01-02,600961.SH,BUY,100,11.7193,0.234386
2025-01-02,600965.SH,BUY,200,9.6107,0.384428
2025-01-02,600968.SH,BUY,400,4.7373,0.37898400000000004
2025-01-02,600969.SH,BUY,100,13.1762,0.263524
2025-01-02,600977.SH,BUY,100,12.2611,0.24522200000000005
2025-01-02,600981.SH,BUY,100,13.086,0.26172000000000006
2025-01-02,600982.SH,BUY,100,18.9457,0.37891400000000003
2025-01-02,600984.SH,BUY,200,7.9806,0.319224
2025-01-02,600989.SH,BUY,100,18.9657,0.379314
2025-01-02,600996.SH,BUY,200,8.6215,0.34486
2025-01-02,600998.SH,BUY,100,15.7365,0.31473
2025-01-02,601002.SH,BUY,400,4.892,0.39136000000000004
2025-01-02,601003.SH,BUY,100,15.1353,0.30270600000000003
2025-01-02,601005.SH,BUY,1300,1.4812,0.38511200000000007
2025-01-02,601006.SH,BUY,100,16.8514,0.33702800000000005
2025-01-02,601007.SH,BUY,100,10.7142,0.21428400000000003
2025-01-02,601008.SH,BUY,300,6.4441,0.38664600000000005
2025-01-02,601011.SH,BUY,200,7.2007,0.288028
2025-01-02,601015.SH,BUY,200,7.9595,0.31838000000000005
2025-01-02,601016.SH,BUY,200,7.8838,0.315352
2025-01-02,601018.SH,BUY,300,4.9939,0.299634
2025-01-02,601019.SH,BUY,100,15.7659,0.315318
2025-01-02,601020.SH,BUY,100,17.7652,0.355304
2025-01-02,601022.SH,BUY,200,8.0201,0.32080400000000003
2025-01-02,601038.SH,BUY,100,15.5951,0.311902
2025-01-02,601059.SH,BUY,100,14.3865,0.28773000000000004
2025-01-02,601061.SH,BUY,200,7.3623,0.29449200000000003
2025-01-02,601065.SH,BUY,200,9.086,0.36344000000000004
2025-01-02,601068.SH,BUY,400,4.2898,0.343184
2025-01-02,601069.SH,BUY,100,11.6499,0.232998
2025-01-02,601077.SH,BUY,200,7.9649,0.31859600000000005
2025-01-02,601083.SH,BUY,200,9.7401,0.389604
2025-01-02,601086.SH,BUY,200,8.4722,0.338888
2025-01-02,601089.SH,BUY,100,16.2258,0.324516
2025-01-02,601099.SH,BUY,100,11.6057,0.23211400000000004
2025-01-02,601106.SH,BUY,600,2.8416,0.340992
2025-01-02,601107.SH,BUY,200,7.4265,0.29706
2025-01-02,601108.SH,BUY,200,9.1613,0.36645200000000006
2025-01-02,601111.SH,BUY,200,8.8424,0.353696
2025-01-02,601113.SH,BUY,200,8.2548,0.330192
2025-01-02,601116.SH,BUY,100,13.8879,0.277758
2025-01-02,601117.SH,BUY,100,9.9788,0.199576
2025-01-02,601118.SH,BUY,300,5.3895,0.32337
2025-01-02,601121.SH,BUY,200,7.2167,0.28866800000000004
2025-01-02,601128.SH,BUY,100,9.9115,0.19823000000000002
2025-01-02,601133.SH,BUY,100,11.3491,0.22698200000000002
2025-01-02,601139.SH,BUY,100,17.3705,0.34741
2025-01-02,601155.SH,BUY,100,18.7191,0.37438200000000005
2025-01-02,601156.SH,BUY,100,17.8867,0.35773400000000005
2025-01-02,601158.SH,BUY,200,8.5086,0.340344
2025-01-02,601162.SH,BUY,400,4.8741,0.38992800000000005
2025-01-02,601163.SH,BUY,100,17.6476,0.352952
2025-01-02,601177.SH,BUY,200,8.4804,0.339216
2025-01-02,601179.SH,BUY,200,8.3147,0.33258800000000005
2025-01-02,601186.SH,BUY,100,12.5087,0.250174
2025-01-02,601187.SH,BUY,200,6.653,0.26611999999999997
2025-01-02,601188.SH,BUY,400,4.6161,0.369288
2025-01-02,601198.SH,BUY,100,11.7605,0.23521
2025-01-02,601200.SH,BUY,100,13.1299,0.262598
2025-01-02,601212.SH,BUY,700,2.73,0.38220000000000004
2025-01-02,601218.SH,BUY,200,7.7659,0.310636
2025-01-02,601226.SH,BUY,100,10.7763,0.21552600000000002
2025-01-02,601228.SH,BUY,500,3.5555,0.35555000000000003
2025-01-02,601236.SH,BUY,200,9.3481,0.37392400000000003
2025-01-02,601238.SH,BUY,100,16.1034,0.322068
2025-01-02,601279.SH,BUY,500,3.8226,0.38226
2025-01-02,601288.SH,BUY,100,10.9875,0.21975
2025-01-02,601298.SH,BUY,100,11.5854,0.231708
2025-01-02,601319.SH,BUY,200,8.2991,0.331964
2025-01-02,601326.SH,BUY,500,3.8521,0.38521
2025-01-02,601328.SH,BUY,100,19.0478,0.380956
2025-01-02,601330.SH,BUY,200,7.1388,0.28555200000000003
2025-01-02,601333.SH,BUY,400,4.5506,0.36404800000000004
2025-01-02,601339.SH,BUY,100,16.2142,0.324284
2025-01-02,601366.SH,BUY,300,5.895,0.35369999999999996
2025-01-02,601368.SH,BUY,300,5.3199,0.319194
2025-01-02,601375.SH,BUY,400,4.3238,0.34590400000000004
2025-01-02,601377.SH,BUY,100,16.4125,0.32825000000000004
2025-01-02,601388.SH,BUY,100,13.3074,0.266148
2025-01-02,601390.SH,BUY,200,8.3122,0.332488
2025-01-02,601398.SH,BUY,100,16.0057,0.32011400000000007
2025-01-02,601399.SH,BUY,600,2.96,0.3552
2025-01-02,601456.SH,BUY,100,12.7031,0.254062
2025-01-02,601500.SH,BUY,200,6.9229,0.27691600000000005
2025-01-02,601512.SH,BUY,200,8.5697,0.342788
2025-01-02,601515.SH,BUY,100,17.0323,0.340646
2025-01-02,601518.SH,BUY,400,4.5482,0.36385599999999996
2025-01-02,601528.SH,BUY,200,7.6291,0.305164
2025-01-02,601555.SH,BUY,100,10.2988,0.20597600000000002
2025-01-02,601566.SH,BUY,100,15.5828,0.311656
2025-01-02,601568.SH,BUY,300,5.5751,0.334506
2025-01-02,601577.SH,BUY,100,11.004,0.22007999999999997
2025-01-02,601579.SH,BUY,100,12.0897,0.241794
2025-01-02,601588.SH,BUY,800,2.3881,0.38209600000000005
2025-01-02,601598.SH,BUY,200,6.8489,0.27395600000000003
2025-01-02,601599.SH,BUY,100,11.6929,0.233858
2025-01-02,601600.SH,BUY,200,7.6093,0.30437200000000003
2025-01-02,601606.SH,BUY,100,11.6019,0.23203800000000002
2025-01-02,601608.SH,BUY,200,6.5313,0.261252
2025-01-02,601609.SH,BUY,300,6.1458,0.368748
2025-01-02,601611.SH,BUY,200,9.1404,0.365616
2025-01-02,601615.SH,BUY,100,12.8835,0.25767
2025-01-02,601616.SH,BUY,200,8.7983,0.35193199999999997
2025-01-02,601618.SH,BUY,400,4.0178,0.32142400000000004
2025-01-02,601619.SH,BUY,500,3.6176,0.36176
2025-01-02,601658.SH,BUY,200,7.0068,0.280272
2025-01-02,601665.SH,BUY,300,6.4149,0.384894
2025-01-02,601668.SH,BUY,100,13.2052,0.264104
2025-01-02,601669.SH,BUY,200,6.7957,0.271828
2025-01-02,601677.SH,BUY,100,18.9843,0.379686
2025-01-02,601678.SH,BUY,100,16.6035,0.33207000000000003
2025-01-02,601686.SH,BUY,300,6.0476,0.362856
2025-01-02,601696.SH,BUY,100,10.8392,0.21678400000000003
2025-01-02,601702.SH,BUY,100,18.633,0.37266
2025-01-02,601718.SH,BUY,600,3.1511,0.378132
2025-01-02,601727.SH,BUY,200,8.7106,0.348424
2025-01-02,601728.SH,BUY,200,8.3165,0.33266
2025-01-02,601766.SH,BUY,100,11.1738,0.22347600000000004
2025-01-02,601777.SH,BUY,200,8.0928,0.32371200000000006
2025-01-02,601778.SH,BUY,600,2.7986,0.335832
2025-01-02,601789.SH,BUY,100,10.8924,0.217848
2025-01-02,601798.SH,BUY,200,7.8001,0.312004
2025-01-02,601800.SH,BUY,100,14.076,0.28152000000000005
2025-01-02,601808.SH,BUY,100,18.0951,0.36190199999999995
2025-01-02,601816.SH,BUY,300,6.3216,0.379296
2025-01-02,601818.SH,BUY,200,7.1665,0.28666
2025-01-02,601825.SH,BUY,100,10.5034,0.210068
2025-01-02,601827.SH,BUY,200,9.2299,0.369196
2025-01-02,601828.SH,BUY,400,3.9725,0.3178
2025-01-02,601857.SH,BUY,100,14.9333,0.298666
2025-01-02,601860.SH,BUY,500,3.2673,0.32673
2025-01-02,601866.SH,BUY,600,3.0008,0.360096
2025-01-02,601868.SH,BUY,800,2.2994,0.367904
2025-01-02,601872.SH,BUY,100,10.4341,0.20868200000000003
2025-01-02,601878.SH,BUY,100,12.6955,0.25391
2025-01-02,601880.SH,BUY,400,4.6582,0.372656
2025-01-02,601881.SH,BUY,100,16.4205,0.32841
2025-01-02,601886.SH,BUY,100,14.4691,0.289382
2025-01-02,601898.SH,BUY,100,16.847,0.33694
2025-01-02,601900.SH,BUY,100,19.0833,0.38166600000000006
2025-01-02,601901.SH,BUY,200,8.3726,0.33490400000000003
2025-01-02,601908.SH,BUY,100,12.8337,0.256674
2025-01-02,601916.SH,BUY,500,3.7736,0.37736000000000003
2025-01-02,601918.SH,BUY,100,11.1729,0.223458
2025-01-02,601921.SH,BUY,200,8.8415,0.35366000000000003
2025-01-02,601928.SH,BUY,100,17.5856,0.351712
2025-01-02,601929.SH,BUY,400,4.2383,0.339064
2025-01-02,601949.SH,BUY,200,8.1084,0.32433599999999996
2025-01-02,601952.SH,BUY,100,14.7126,0.294252
2025-01-02,601956.SH,BUY,300,5.6264,0.33758400000000005
2025-01-02,601958.SH,BUY,100,15.7877,0.31575400000000003
2025-01-02,601963.SH,BUY,100,10.9899,0.21979800000000002
2025-01-02,601968.SH,BUY,300,5.2953,0.31771800000000006
2025-01-02,601969.SH,BUY,200,7.108,0.28432
2025-01-02,601975.SH,BUY,600,3.08,0.36960000000000004
2025-01-02,601985.SH,BUY,100,12.2423,0.244846
2025-01-02,601988.SH,BUY,100,13.0291,0.260582
2025-01-02,601990.SH,BUY,100,10.6197,0.21239400000000003
2025-01-02,601991.SH,BUY,200,7.6394,0.305576
2025-01-02,601992.SH,BUY,400,4.377,0.35016
2025-01-02,601996.SH,BUY,100,10.5633,0.211266
2025-01-02,601997.SH,BUY,100,11.1672,0.22334400000000001
2025-01-02,601998.SH,BUY,100,13.3391,0.266782
2025-01-02,601999.SH,BUY,200,7.1099,0.28439600000000004
2025-01-02,603002.SH,BUY,200,9.6217,0.38486800000000004
2025-01-02,603011.SH,BUY,100,13.9743,0.27948599999999996
2025-01-02,603012.SH,BUY,100,11.5022,0.23004400000000003
2025-01-02,603013.SH,BUY,100,17.8314,0.356628
2025-01-02,603020.SH,BUY,100,17.2175,0.34435
2025-01-02,603021.SH,BUY,100,11.674,0.23348
2025-01-02,603022.SH,BUY,100,18.8196,0.376392
2025-01-02,603023.SH,BUY,100,18.7279,0.37455800000000006
2025-01-02,603028.SH,BUY,200,8.0142,0.320568
2025-01-02,603030.SH,BUY,200,8.9019,0.356076
2025-01-02,603035.SH,BUY,100,17.0636,0.341272
2025-01-02,603036.SH,BUY,100,18.0081,0.360162
2025-01-02,603041.SH,BUY,100,16.1442,0.322884
2025-01-02,603042.SH,BUY,100,13.8209,0.276418
2025-01-02,603045.SH,BUY,100,18.1563,0.36312600000000006
2025-01-02,603048.SH,BUY,100,14.9784,0.29956800000000006
2025-01-02,603053.SH,BUY,100,11.003,0.22006
2025-01-02,603055.SH,BUY,100,16.4618,0.32923600000000003
2025-01-02,603056.SH,BUY,100,14.5063,0.290126
2025-01-02,603058.SH,BUY,100,10.096,0.20192000000000002
2025-01-02,603065.SH,BUY,200,7.3804,0.295216
2025-01-02,603069.SH,BUY,100,18.1185,0.36237
2025-01-02,603070.SH,BUY,100,13.6115,0.27222999999999997
2025-01-02,603071.SH,BUY,100,14.1987,0.28397400000000006
2025-01-02,603073.SH,BUY,100,15.0604,0.30120800000000003
2025-01-02,603075.SH,BUY,100,18.9689,0.37937800000000005
2025-01-02,603080.SH,BUY,100,17.4556,0.34911200000000003
2025-01-02,603081.SH,BUY,100,12.066,0.24132000000000003
2025-01-02,603090.SH,BUY,100,18.6513,0.37302599999999997
2025-01-02,603093.SH,BUY,100,11.6571,0.23314200000000002
2025-01-02,603098.SH,BUY,100,11.9786,0.23957200000000003
2025-01-02,603105.SH,BUY,200,8.9233,0.35693199999999997
2025-01-02,603106.SH,BUY,100,14.4873,0.289746
2025-01-02,603107.SH,BUY,100,16.6764,0.33352800000000005
2025-01-02,603111.SH,BUY,100,15.8706,0.317412
2025-01-02,603112.SH,BUY,100,13.7673,0.27534600000000004
2025-01-02,603113.SH,BUY,300,6.2238,0.373428
2025-01-02,603116.SH,BUY,100,10.2602,0.205204
2025-01-02,603117.SH,BUY,200,8.9954,0.359816
2025-01-02,603122.SH,BUY,200,7.1999,0.28799600000000003
2025-01-02,603123.SH,BUY,200,9.7724,0.39089599999999997
2025-01-02,603126.SH,BUY,100,13.5639,0.271278
2025-01-02,603132.SH,BUY,100,12.2236,0.244472
2025-01-02,603135.SH,BUY,100,12.4404,0.248808
2025-01-02,603137.SH,BUY,100,14.9078,0.29815600000000003
2025-01-02,603139.SH,BUY,100,14.4551,0.289102
2025-01-02,603151.SH,BUY,100,10.5281,0.210562
2025-01-02,603161.SH,BUY,100,15.4656,0.30931200000000003
2025-01-02,603166.SH,BUY,100,11.178,0.22356000000000004
2025-01-02,603167.SH,BUY,100,12.7861,0.255722
2025-01-02,603169.SH,BUY,200,8.5441,0.34176400000000007
2025-01-02,603170.SH,BUY,100,16.1173,0.322346
2025-01-02,603172.SH,BUY,100,13.0515,0.26103000000000004
2025-01-02,603176.SH,BUY,400,4.5213,0.361704
2025-01-02,603177.SH,BUY,200,7.4408,0.297632
2025-01-02,603178.SH,BUY,100,19.5676,0.391352
2025-01-02,603182.SH,BUY,100,12.0709,0.241418
2025-01-02,603183.SH,BUY,100,18.7702,0.375404
2025-01-02,603188.SH,BUY,200,7.4316,0.29726400000000003
2025-01-02,603189.SH,BUY,100,15.1895,0.30379
2025-01-02,603191.SH,BUY,100,12.8598,0.25719600000000004
2025-01-02,603196.SH,BUY,100,14.7006,0.294012
2025-01-02,603206.SH,BUY,100,17.6666,0.353332
2025-01-02,603211.SH,BUY,100,14.8368,0.296736
2025-01-02,603212.SH,BUY,100,10.1753,0.203506
2025-01-02,603213.SH,BUY,200,9.614,0.38456000000000007
2025-01-02,603216.SH,BUY,100,12.0484,0.24096800000000004
2025-01-02,603221.SH,BUY,200,9.3874,0.375496
2025-01-02,603222.SH,BUY,100,19.0798,0.381596
2025-01-02,603226.SH,BUY,100,19.2059,0.384118
2025-01-02,603227.SH,BUY,100,18.7113,0.37422600000000006
2025-01-02,603230.SH,BUY,100,13.6058,0.272116
2025-01-02,603231.SH,BUY,100,16.5372,0.330744
2025-01-02,603256.SH,BUY,200,8.441,0.33764000000000005
2025-01-02,603270.SH,BUY,100,19.4447,0.388894
2025-01-02,603272.SH,BUY,100,14.0956,0.281912
2025-01-02,603273.SH,BUY,100,16.3184,0.32636800000000005
2025-01-02,603276.SH,BUY,100,17.6119,0.352238
2025-01-02,603278.SH,BUY,100,11.4366,0.22873200000000002
2025-01-02,603282.SH,BUY,100,14.7505,0.29501
2025-01-02,603286.SH,BUY,100,19.162,0.38323999999999997
2025-01-02,603289.SH,BUY,100,11.9466,0.23893200000000003
2025-01-02,603291.SH,BUY,100,11.7658,0.23531600000000005
2025-01-02,603299.SH,BUY,100,12.9598,0.25919600000000004
2025-01-02,603308.SH,BUY,100,19.5067,0.390134
2025-01-02,603311.SH,BUY,100,11.0426,0.22085200000000002
2025-01-02,603313.SH,BUY,100,12.522,0.25044
2025-01-02,603316.SH,BUY,300,6.3262,0.379572
2025-01-02,603320.SH,BUY,100,19.1495,0.38299000000000005
2025-01-02,603321.SH,BUY,200,7.4966,0.299864
2025-01-02,603323.SH,BUY,200,9.0743,0.362972
2025-01-02,603326.SH,BUY,100,13.5538,0.27107600000000004
2025-01-02,603329.SH,BUY,100,13.714,0.27428
2025-01-02,603331.SH,BUY,100,13.6751,0.273502
2025-01-02,603332.SH,BUY,100,17.0157,0.340314
2025-01-02,603333.SH,BUY,200,8.307,0.33228
2025-01-02,603335.SH,BUY,100,9.8072,0.196144
2025-01-02,603336.SH,BUY,100,18.4848,0.369696
2025-01-02,603356.SH,BUY,100,13.0566,0.261132
2025-01-02,603357.SH,BUY,100,18.2405,0.3648100000000001
2025-01-02,603359.SH,BUY,100,11.1706,0.223412
2025-01-02,603363.SH,BUY,400,4.6395,0.37116
2025-01-02,603367.SH,BUY,100,15.551,0.31102
2025-01-02,603377.SH,BUY,400,4.2218,0.33774400000000004
2025-01-02,603378.SH,BUY,100,13.8794,0.277588
2025-01-02,603385.SH,BUY,200,9.3628,0.374512
2025-01-02,603386.SH,BUY,100,16.7161,0.33432200000000006
2025-01-02,603389.SH,BUY,200,7.544,0.30176000000000003
2025-01-02,603390.SH,BUY,100,11.9592,0.23918399999999998
2025-01-02,603399.SH,BUY,100,13.0069,0.26013800000000004
2025-01-02,603408.SH,BUY,100,15.3547,0.30709400000000003
2025-01-02,603421.SH,BUY,100,10.2931,0.20586200000000004
2025-01-02,603439.SH,BUY,100,13.1406,0.262812
2025-01-02,603458.SH,BUY,100,16.4148,0.32829600000000003
2025-01-02,603477.SH,BUY,100,18.0918,0.361836
2025-01-02,603488.SH,BUY,100,13.2718,0.265436
2025-01-02,603511.SH,BUY,100,14.827,0.29654
2025-01-02,603518.SH,BUY,100,15.1979,0.303958
2025-01-02,603551.SH,BUY,100,14.1029,0.28205800000000003
2025-01-02,603557.SH,BUY,700,2.6348,0.368872
2025-01-02,603569.SH,BUY,100,11.4701,0.22940200000000002
2025-01-02,603577.SH,BUY,100,17.4458,0.348916
2025-01-02,603586.SH,BUY,100,16.9642,0.33928400000000003
2025-01-02,603608.SH,BUY,300,5.7878,0.347268
2025-01-02,603609.SH,BUY,100,14.0673,0.28134600000000004
2025-01-02,603616.SH,BUY,200,7.0463,0.281852
2025-01-02,603618.SH,BUY,100,17.3222,0.346444
2025-01-02,603626.SH,BUY,100,16.0644,0.32128799999999996
2025-01-02,603628.SH,BUY,100,12.652,0.25304
2025-01-02,603630.SH,BUY,100,19.2087,0.384174
2025-01-02,603648.SH,BUY,100,11.5901,0.231802
2025-01-02,603660.SH,BUY,100,13.2968,0.265936
2025-01-02,603669.SH,BUY,100,16.8441,0.336882
2025-01-02,603676.SH,BUY,100,10.8866,0.21773199999999998
2025-01-02,603679.SH,BUY,100,18.4812,0.36962400000000006
2025-01-02,603680.SH,BUY,100,16.2942,0.325884
2025-01-02,603681.SH,BUY,100,13.4046,0.268092
2025-01-02,603683.SH,BUY,100,15.6258,0.312516
2025-01-02,603687.SH,BUY,200,7.3688,0.294752
2025-01-02,603689.SH,BUY,100,14.4994,0.289988
2025-01-02,603693.SH,BUY,100,13.4091,0.26818200000000003
2025-01-02,603697.SH,BUY,100,17.878,0.35756
2025-01-02,603700.SH,BUY,100,14.8079,0.29615800000000003
2025-01-02,603709.SH,BUY,100,17.8704,0.357408
2025-01-02,603711.SH,BUY,100,18.9078,0.37815600000000005
2025-01-02,603712.SH,BUY,100,18.7456,0.374912
2025-01-02,603717.SH,BUY,100,11.1625,0.22325
2025-01-02,603718.SH,BUY,100,15.8325,0.31665000000000004
2025-01-02,603725.SH,BUY,100,13.0666,0.261332
2025-01-02,603727.SH,BUY,100,12.537,0.25074
2025-01-02,603739.SH,BUY,100,17.5211,0.35042200000000007
2025-01-02,603758.SH,BUY,100,10.375,0.20750000000000002
2025-01-02,603759.SH,BUY,100,13.426,0.26852
2025-01-02,603767.SH,BUY,100,19.1827,0.383654
2025-01-02,603768.SH,BUY,100,12.2933,0.245866
2025-01-02,603778.SH,BUY,100,19.0011,0.380022
2025-01-02,603779.SH,BUY,100,11.4256,0.228512
2025-01-02,603787.SH,BUY,100,11.2374,0.224748
2025-01-02,603789.SH,BUY,100,10.0062,0.20012400000000002
2025-01-02,603790.SH,BUY,100,15.2074,0.30414800000000003
2025-01-02,603797.SH,BUY,200,8.4406,0.337624
2025-01-02,603803.SH,BUY,100,10.0725,0.20145000000000002
2025-01-02,603808.SH,BUY,100,17.1442,0.342884
2025-01-02,603810.SH,BUY,100,18.6754,0.373508
2025-01-02,603813.SH,BUY,100,12.4081,0.248162
2025-01-02,603815.SH,BUY,300,5.7919,0.347514
2025-01-02,603817.SH,BUY,300,5.9079,0.354474
2025-01-02,603818.SH,BUY,300,5.5444,0.33266400000000007
2025-01-02,603823.SH,BUY,100,18.4685,0.36937
2025-01-02,603828.SH,BUY,100,13.0361,0.260722
2025-01-02,603829.SH,BUY,100,14.0592,0.28118400000000005
2025-01-02,603836.SH,BUY,100,13.4623,0.26924600000000004
2025-01-02,603838.SH,BUY,100,11.5516,0.23103200000000002
2025-01-02,603839.SH,BUY,100,10.5765,0.21153
2025-01-02,603843.SH,BUY,300,5.0884,0.305304
2025-01-02,603848.SH,BUY,100,17.5579,0.351158
2025-01-02,603856.SH,BUY,100,16.0805,0.32161000000000006
2025-01-02,603861.SH,BUY,200,9.3271,0.37308399999999997
2025-01-02,603869.SH,BUY,200,8.5269,0.341076
2025-01-02,603876.SH,BUY,100,16.7015,0.33403
2025-01-02,603877.SH,BUY,100,18.9077,0.378154
2025-01-02,603879.SH,BUY,200,9.5974,0.383896
2025-01-02,603880.SH,BUY,100,12.9079,0.258158
2025-01-02,603900.SH,BUY,200,9.5674,0.382696
2025-01-02,603903.SH,BUY,100,13.5481,0.270962
2025-01-02,603915.SH,BUY,100,17.1261,0.34252200000000005
2025-01-02,603916.SH,BUY,100,9.8248,0.196496
2025-01-02,603917.SH,BUY,100,17.3285,0.34657
2025-01-02,603926.SH,BUY,100,17.8733,0.357466
2025-01-02,603928.SH,BUY,100,12.5673,0.251346
2025-01-02,603936.SH,BUY,100,16.2437,0.32487400000000005
2025-01-02,603937.SH,BUY,200,9.642,0.38567999999999997
2025-01-02,603949.SH,BUY,100,17.9651,0.359302
2025-01-02,603956.SH,BUY,300,5.6071,0.336426
2025-01-02,603958.SH,BUY,100,16.5277,0.330554
2025-01-02,603966.SH,BUY,100,18.7865,0.37573000000000006
2025-01-02,603967.SH,BUY,100,15.6299,0.31259800000000004
2025-01-02,603980.SH,BUY,200,7.5102,0.300408
2025-01-02,603982.SH,BUY,200,7.9044,0.316176
2025-01-02,603987.SH,BUY,100,16.3637,0.32727400000000006
2025-01-02,603997.SH,BUY,100,19.2771,0.38554200000000005
2025-01-02,603999.SH,BUY,100,15.4715,0.30943000000000004
2025-01-02,605001.SH,BUY,200,8.7762,0.35104799999999997
2025-01-02,605005.SH,BUY,100,16.4305,0.32861
2025-01-02,605006.SH,BUY,200,8.136,0.32543999999999995
2025-01-02,605007.SH,BUY,100,13.4319,0.26863800000000004
2025-01-02,605008.SH,BUY,100,16.7439,0.334878
2025-01-02,605018.SH,BUY,200,9.4402,0.37760800000000005
2025-01-02,605028.SH,BUY,100,18.3998,0.36799600000000005
2025-01-02,605050.SH,BUY,100,10.955,0.21910000000000002
2025-01-02,605055.SH,BUY,300,4.992,0.29952
2025-01-02,605056.SH,BUY,100,13.0943,0.261886
2025-01-02,605060.SH,BUY,100,19.4093,0.3881860000000001
2025-01-02,605066.SH,BUY,200,8.3413,0.333652
2025-01-02,605068.SH,BUY,100,13.4207,0.268414
2025-01-02,605069.SH,BUY,100,10.0172,0.20034400000000002
2025-01-02,605081.SH,BUY,100,15.6194,0.312388
2025-01-02,605118.SH,BUY,100,18.8183,0.37636600000000003
2025-01-02,605122.SH,BUY,100,14.8344,0.296688
2025-01-02,605136.SH,BUY,200,9.5133,0.380532
2025-01-02,605138.SH,BUY,300,5.8886,0.3533160000000001
2025-01-02,605151.SH,BUY,100,16.5731,0.331462
2025-01-02,605158.SH,BUY,100,16.755,0.3351
2025-01-02,605162.SH,BUY,200,7.1565,0.28626
2025-01-02,605166.SH,BUY,100,12.159,0.24318000000000004
2025-01-02,605167.SH,BUY,200,9.3643,0.374572
2025-01-02,605183.SH,BUY,100,18.0879,0.3617580000000001
2025-01-02,605186.SH,BUY,100,19.5413,0.390826
2025-01-02,605188.SH,BUY,200,7.9616,0.318464
2025-01-02,605189.SH,BUY,100,15.3426,0.306852
2025-01-02,605196.SH,BUY,100,11.9733,0.23946599999999998
2025-01-02,605199.SH,BUY,100,16.1825,0.32365
2025-01-02,605208.SH,BUY,100,13.2783,0.265566
2025-01-02,605222.SH,BUY,100,15.5064,0.310128
2025-01-02,605228.SH,BUY,100,10.5022,0.210044
2025-01-02,605255.SH,BUY,100,14.1466,0.28293199999999996
2025-01-02,605268.SH,BUY,200,9.2746,0.370984
2025-01-02,605287.SH,BUY,100,17.1254,0.34250800000000003
2025-01-02,605300.SH,BUY,100,14.352,0.28704
2025-01-02,605303.SH,BUY,200,7.79,0.3116
2025-01-02,605338.SH,BUY,100,18.3394,0.366788
2025-01-02,605339.SH,BUY,100,17.9831,0.359662
2025-01-02,605365.SH,BUY,100,16.0469,0.320938
2025-01-02,605366.SH,BUY,100,10.343,0.20686
2025-01-02,605388.SH,BUY,200,9.3182,0.372728
2025-01-02,605500.SH,BUY,100,15.5823,0.31164600000000003
2025-01-02,605566.SH,BUY,100,18.8604,0.377208
2025-01-02,605567.SH,BUY,200,9.2578,0.37031200000000003
2025-01-02,605577.SH,BUY,100,14.4797,0.289594
2025-01-02,605580.SH,BUY,100,17.5481,0.35096200000000005
2025-01-02,605599.SH,BUY,100,13.2014,0.264028
2025-01-02,688007.SH,BUY,100,14.4764,0.289528
2025-01-02,688009.SH,BUY,200,7.0871,0.283484
2025-01-02,688011.SH,BUY,100,15.1667,0.30333400000000005
2025-01-02,688013.SH,BUY,100,18.4121,0.36824199999999996
2025-01-02,688021.SH,BUY,100,10.4626,0.20925200000000002
2025-01-02,688022.SH,BUY,100,15.2853,0.30570600000000003
2025-01-02,688026.SH,BUY,100,17.7078,0.354156
2025-01-02,688030.SH,BUY,100,14.8356,0.296712
2025-01-02,688033.SH,BUY,300,5.7274,0.343644
2025-01-02,688038.SH,BUY,100,11.9105,0.23821000000000006
2025-01-02,688046.SH,BUY,100,12.7081,0.254162
2025-01-02,688055.SH,BUY,400,3.9882,0.319056
2025-01-02,688057.SH,BUY,100,13.3855,0.26771
2025-01-02,688067.SH,BUY,100,17.0299,0.34059800000000007
2025-01-02,688079.SH,BUY,200,8.5018,0.340072
2025-01-02,688096.SH,BUY,100,11.4302,0.228604
2025-01-02,688098.SH,BUY,300,5.4936,0.329616
2025-01-02,688101.SH,BUY,100,13.5683,0.27136600000000005
2025-01-02,688102.SH,BUY,100,15.9395,0.31879
2025-01-02,688106.SH,BUY,100,17.5769,0.35153799999999996
2025-01-02,688108.SH,BUY,200,9.6227,0.38490800000000003
2025-01-02,688119.SH,BUY,400,3.9427,0.315416
2025-01-02,688121.SH,BUY,100,10.7552,0.21510400000000002
2025-01-02,688126.SH,BUY,100,18.4587,0.36917400000000006
2025-01-02,688129.SH,BUY,100,17.2633,0.3452660000000001
2025-01-02,688132.SH,BUY,100,16.81,0.33619999999999994
2025-01-02,688148.SH,BUY,400,4.8725,0.3898
2025-01-02,688151.SH,BUY,100,15.4468,0.30893600000000004
2025-01-02,688156.SH,BUY,100,14.3884,0.287768
2025-01-02,688158.SH,BUY,100,13.7809,0.27561800000000003
2025-01-02,688163.SH,BUY,100,18.6627,0.37325400000000003
2025-01-02,688172.SH,BUY,100,19.383,0.38766
2025-01-02,688173.SH,BUY,100,10.64,0.21280000000000002
2025-01-02,688176.SH,BUY,200,6.62,0.26480000000000004
2025-01-02,688177.SH,BUY,100,19.0,0.38
2025-01-02,688178.SH,BUY,100,12.8225,0.25645
2025-01-02,688182.SH,BUY,100,17.8171,0.35634200000000005
2025-01-02,688184.SH,BUY,100,16.4051,0.328102
2025-01-02,688186.SH,BUY,100,16.6601,0.333202
2025-01-02,688189.SH,BUY,100,12.7429,0.25485800000000003
2025-01-02,688191.SH,BUY,100,17.4925,0.34985
2025-01-02,688203.SH,BUY,200,9.6391,0.38556399999999996
2025-01-02,688206.SH,BUY,100,17.9086,0.358172
2025-01-02,688209.SH,BUY,100,17.229,0.34458
2025-01-02,688217.SH,BUY,100,18.7047,0.374094
2025-01-02,688219.SH,BUY,100,10.3471,0.20694200000000001
2025-01-02,688221.SH,BUY,200,9.25,0.37
2025-01-02,688222.SH,BUY,100,12.55,0.251
2025-01-02,688223.SH,BUY,200,7.2552,0.290208
2025-01-02,688225.SH,BUY,100,18.0477,0.360954
2025-01-02,688231.SH,BUY,100,14.1655,0.28331
2025-01-02,688236.SH,BUY,100,12.8979,0.257958
2025-01-02,688238.SH,BUY,300,6.2671,0.376026
2025-01-02,688247.SH,BUY,100,9.9251,0.198502
2025-01-02,688260.SH,BUY,100,13.8352,0.276704
2025-01-02,688272.SH,BUY,100,16.0947,0.321894
2025-01-02,688277.SH,BUY,200,9.56,0.3824
2025-01-02,688280.SH,BUY,400,4.27,0.34159999999999996
2025-01-02,688285.SH,BUY,200,7.3641,0.294564
2025-01-02,688287.SH,BUY,200,8.437,0.33748
2025-01-02,688288.SH,BUY,100,15.7189,0.314378
2025-01-02,688291.SH,BUY,100,19.1259,0.382518
2025-01-02,688292.SH,BUY,100,19.3074,0.38614800000000005
2025-01-02,688295.SH,BUY,100,19.2617,0.385234
2025-01-02,688296.SH,BUY,100,11.5032,0.230064
2025-01-02,688299.SH,BUY,100,14.5521,0.291042
2025-01-02,688306.SH,BUY,200,7.74,0.30960000000000004
2025-01-02,688309.SH,BUY,100,12.6255,0.25251
2025-01-02,688313.SH,BUY,100,17.1223,0.34244600000000003
2025-01-02,688315.SH,BUY,100,12.1694,0.24338800000000002
2025-01-02,688317.SH,BUY,100,17.7206,0.35441200000000006
2025-01-02,688319.SH,BUY,100,10.685,0.2137
2025-01-02,688321.SH,BUY,100,18.08,0.3616
2025-01-02,688323.SH,BUY,100,12.0771,0.241542
2025-01-02,688327.SH,BUY,100,16.618,0.33236
2025-01-02,688328.SH,BUY,100,14.9599,0.299198
2025-01-02,688329.SH,BUY,100,14.157,0.28314
2025-01-02,688334.SH,BUY,100,16.4517,0.329034
2025-01-02,688335.SH,BUY,100,18.2052,0.36410400000000004
2025-01-02,688345.SH,BUY,100,18.0186,0.36037199999999997
2025-01-02,688350.SH,BUY,100,13.724,0.27448000000000006
2025-01-02,688351.SH,BUY,100,18.61,0.37220000000000003
2025-01-02,688352.SH,BUY,100,11.8235,0.23646999999999999
2025-01-02,688355.SH,BUY,100,17.4041,0.348082
2025-01-02,688365.SH,BUY,100,12.8438,0.256876
2025-01-02,688367.SH,BUY,100,15.758,0.31516
2025-01-02,688371.SH,BUY,100,15.29,0.3058
2025-01-02,688373.SH,BUY,400,4.85,0.38799999999999996
2025-01-02,688377.SH,BUY,100,19.1612,0.38322400000000006
2025-01-02,688381.SH,BUY,100,18.7658,0.375316
2025-01-02,688382.SH,BUY,100,13.1,0.262
2025-01-02,688387.SH,BUY,300,5.73,0.34380000000000005
2025-01-02,688389.SH,BUY,100,15.2042,0.304084
2025-01-02,688393.SH,BUY,100,17.6894,0.353788
2025-01-02,688395.SH,BUY,100,17.4974,0.349948
2025-01-02,688403.SH,BUY,200,8.7299,0.349196
2025-01-02,688425.SH,BUY,400,4.5299,0.362392
2025-01-02,688428.SH,BUY,100,12.16,0.2432
2025-01-02,688429.SH,BUY,100,16.7901,0.335802
2025-01-02,688432.SH,BUY,100,10.7984,0.21596800000000005
2025-01-02,688455.SH,BUY,100,11.0621,0.22124199999999997
2025-01-02,688459.SH,BUY,200,9.6422,0.38568800000000003
2025-01-02,688466.SH,BUY,100,16.7323,0.334646
2025-01-02,688468.SH,BUY,200,7.1081,0.284324
2025-01-02,688469.SH,BUY,300,4.93,0.2958
2025-01-02,688472.SH,BUY,100,12.4395,0.24879
2025-01-02,688479.SH,BUY,100,17.6441,0.35288200000000003
2025-01-02,688485.SH,BUY,200,8.7316,0.3492640000000001
2025-01-02,688488.SH,BUY,200,7.6985,0.30794000000000005
2025-01-02,688496.SH,BUY,200,8.2062,0.32824800000000004
2025-01-02,688501.SH,BUY,100,18.5553,0.371106
2025-01-02,688505.SH,BUY,200,7.7125,0.3085
2025-01-02,688509.SH,BUY,500,3.9085,0.39085000000000003
2025-01-02,688510.SH,BUY,100,16.7527,0.335054
2025-01-02,688512.SH,BUY,200,9.37,0.37479999999999997
2025-01-02,688517.SH,BUY,100,14.2855,0.2857100000000001
2025-01-02,688518.SH,BUY,100,15.602,0.31204000000000004
2025-01-02,688523.SH,BUY,100,19.5675,0.39135000000000003
2025-01-02,688526.SH,BUY,100,14.4393,0.288786
2025-01-02,688528.SH,BUY,200,8.7258,0.349032
2025-01-02,688529.SH,BUY,100,15.6069,0.312138
2025-01-02,688538.SH,BUY,800,2.26,0.3616
2025-01-02,688548.SH,BUY,100,9.8911,0.19782200000000003
2025-01-02,688549.SH,BUY,200,8.2113,0.328452
2025-01-02,688552.SH,BUY,100,15.9403,0.31880600000000003
2025-01-02,688553.SH,BUY,100,15.1701,0.303402
2025-01-02,688560.SH,BUY,100,12.8499,0.256998
2025-01-02,688562.SH,BUY,100,15.2903,0.305806
2025-01-02,688565.SH,BUY,200,8.1304,0.325216
2025-01-02,688570.SH,BUY,100,18.9229,0.378458
2025-01-02,688571.SH,BUY,200,9.0893,0.363572
2025-01-02,688573.SH,BUY,100,15.4573,0.30914600000000003
2025-01-02,688579.SH,BUY,200,9.1985,0.36794
2025-01-02,688585.SH,BUY,200,6.6691,0.26676400000000006
2025-01-02,688586.SH,BUY,100,18.6495,0.37299000000000004
2025-01-02,688588.SH,BUY,100,14.1718,0.28343599999999997
2025-01-02,688593.SH,BUY,100,17.5677,0.35135399999999994
2025-01-02,688597.SH,BUY,100,14.325,0.28650000000000003
2025-01-02,688600.SH,BUY,100,13.9976,0.27995200000000003
2025-01-02,688602.SH,BUY,200,6.7682,0.270728
2025-01-02,688607.SH,BUY,100,13.4703,0.26940600000000003
2025-01-02,688609.SH,BUY,100,10.386,0.20772
2025-01-02,688613.SH,BUY,100,17.9493,0.358986
2025-01-02,688616.SH,BUY,100,13.2095,0.26419000000000004
2025-01-02,688619.SH,BUY,200,8.6768,0.34707200000000005
2025-01-02,688620.SH,BUY,100,9.8046,0.19609200000000002
2025-01-02,688655.SH,BUY,100,10.485,0.2097
2025-01-02,688658.SH,BUY,100,15.9146,0.318292
2025-01-02,688659.SH,BUY,200,6.8396,0.27358400000000005
2025-01-02,688660.SH,BUY,200,8.208,0.32832000000000006
2025-01-02,688670.SH,BUY,100,16.9494,0.338988
2025-01-02,688671.SH,BUY,100,16.823,0.33646
2025-01-02,688679.SH,BUY,100,11.0336,0.22067199999999998
2025-01-02,688681.SH,BUY,100,10.9913,0.21982600000000002
2025-01-02,688690.SH,BUY,100,17.2231,0.344462
2025-01-02,688697.SH,BUY,100,17.2937,0.345874
2025-01-02,688701.SH,BUY,300,5.327,0.31962
2025-01-02,688707.SH,BUY,100,10.9929,0.219858
2025-01-02,688718.SH,BUY,100,10.2076,0.204152
2025-01-02,688722.SH,BUY,100,12.8044,0.256088
2025-01-02,688728.SH,BUY,100,13.027,0.26054
2025-01-02,688733.SH,BUY,100,19.2165,0.38433000000000006
2025-01-02,688772.SH,BUY,100,15.7433,0.314866
2025-01-02,688779.SH,BUY,300,5.2692,0.316152
2025-01-02,920001.BJ,BUY,100,17.3113,0.346226
2025-01-02,920010.BJ,BUY,100,10.741,0.21481999999999998
2025-01-02,920014.BJ,BUY,100,15.2393,0.304786
2025-01-02,920017.BJ,BUY,100,14.0311,0.28062200000000004
2025-01-02,920021.BJ,BUY,200,8.3538,0.334152
2025-01-02,920023.BJ,BUY,400,4.6178,0.369424
2025-01-02,920030.BJ,BUY,300,5.9818,0.358908
2025-01-02,920039.BJ,BUY,200,8.9235,0.35694000000000004
2025-01-02,920047.BJ,BUY,100,11.16,0.2232
2025-01-02,920057.BJ,BUY,300,5.6359,0.33815400000000007
2025-01-02,920062.BJ,BUY,200,7.8582,0.31432800000000005
2025-01-02,920077.BJ,BUY,100,18.8218,0.37643600000000005
2025-01-02,920089.BJ,BUY,100,16.4205,0.32841
2025-01-02,920090.BJ,BUY,200,6.9504,0.278016
2025-01-02,920130.BJ,BUY,100,15.6821,0.31364200000000003
2025-01-02,920132.BJ,BUY,100,17.6288,0.352576
2025-01-02,920145.BJ,BUY,200,9.0317,0.36126800000000003
2025-01-02,920146.BJ,BUY,200,7.0873,0.283492
2025-01-02,920152.BJ,BUY,100,11.1641,0.22328199999999998
2025-01-02,920163.BJ,BUY,100,14.3819,0.287638
2025-01-02,920169.BJ,BUY,100,13.8461,0.276922
2025-01-02,920175.BJ,BUY,100,10.6807,0.213614
2025-01-02,920184.BJ,BUY,100,11.3603,0.22720600000000002
2025-01-02,920195.BJ,BUY,100,11.637,0.23274000000000003
2025-01-02,920207.BJ,BUY,100,17.9456,0.358912
2025-01-02,920212.BJ,BUY,100,14.9606,0.299212
2025-01-02,920221.BJ,BUY,100,14.9501,0.299002
2025-01-02,920223.BJ,BUY,200,9.65,0.386
2025-01-02,920230.BJ,BUY,100,14.769,0.29538000000000003
2025-01-02,920249.BJ,BUY,200,9.1611,0.366444
2025-01-02,920261.BJ,BUY,100,10.8006,0.216012
2025-01-02,920263.BJ,BUY,200,8.8743,0.354972
2025-01-02,920266.BJ,BUY,200,9.4678,0.37871200000000005
2025-01-02,920271.BJ,BUY,100,14.9095,0.29819
2025-01-02,920274.BJ,BUY,100,12.1408,0.24281600000000003
2025-01-02,920278.BJ,BUY,100,12.5514,0.251028
2025-01-02,920284.BJ,BUY,100,15.7191,0.314382
2025-01-02,920299.BJ,BUY,100,10.7914,0.215828
2025-01-02,920300.BJ,BUY,100,11.5072,0.23014400000000002
2025-01-02,920304.BJ,BUY,100,12.6286,0.252572
2025-01-02,920305.BJ,BUY,100,19.34,0.38680000000000003
2025-01-02,920339.BJ,BUY,200,8.9714,0.35885599999999995
2025-01-02,920344.BJ,BUY,100,17.6694,0.35338800000000004
2025-01-02,920351.BJ,BUY,100,11.1658,0.22331600000000004
2025-01-02,920367.BJ,BUY,100,14.7083,0.294166
2025-01-02,920370.BJ,BUY,500,3.5334,0.35334000000000004
2025-01-02,920378.BJ,BUY,200,9.2148,0.36859200000000003
2025-01-02,920392.BJ,BUY,100,18.7739,0.37547800000000003
2025-01-02,920402.BJ,BUY,100,11.446,0.22891999999999998
2025-01-02,920407.BJ,BUY,100,19.0524,0.381048
2025-01-02,920415.BJ,BUY,100,15.1354,0.30270800000000003
2025-01-02,920419.BJ,BUY,100,15.5658,0.311316
2025-01-02,920422.BJ,BUY,100,11.1807,0.223614
2025-01-02,920427.BJ,BUY,100,16.6447,0.332894
2025-01-02,920429.BJ,BUY,100,16.6903,0.333806
2025-01-02,920433.BJ,BUY,100,12.4091,0.24818200000000004
2025-01-02,920436.BJ,BUY,100,17.1819,0.343638
2025-01-02,920445.BJ,BUY,100,12.0124,0.24024800000000002
2025-01-02,920454.BJ,BUY,100,12.5176,0.250352
2025-01-02,920455.BJ,BUY,200,7.5955,0.30382000000000003
2025-01-02,920469.BJ,BUY,100,14.8328,0.29665600000000003
2025-01-02,920471.BJ,BUY,100,12.3679,0.247358
2025-01-02,920476.BJ,BUY,100,9.8864,0.19772800000000001
2025-01-02,920504.BJ,BUY,100,19.229,0.38458
2025-01-02,920519.BJ,BUY,100,9.8678,0.19735600000000003
2025-01-02,920527.BJ,BUY,100,12.5408,0.25081600000000004
2025-01-02,920541.BJ,BUY,100,12.6359,0.252718
2025-01-02,920547.BJ,BUY,100,18.6158,0.372316
2025-01-02,920553.BJ,BUY,200,7.4237,0.296948
2025-01-02,920556.BJ,BUY,200,8.5273,0.341092
2025-01-02,920564.BJ,BUY,100,14.5902,0.291804
2025-01-02,920571.BJ,BUY,300,6.2126,0.37275600000000003
2025-01-02,920579.BJ,BUY,100,18.5632,0.371264
2025-01-02,920580.BJ,BUY,100,9.9334,0.198668
2025-01-02,920599.BJ,BUY,100,15.0825,0.30165000000000003
2025-01-02,920608.BJ,BUY,100,13.4181,0.26836200000000004
2025-01-02,920634.BJ,BUY,100,15.5673,0.311346
2025-01-02,920639.BJ,BUY,200,6.7557,0.270228
2025-01-02,920641.BJ,BUY,100,12.8677,0.257354
2025-01-02,920642.BJ,BUY,100,16.216,0.32432000000000005
2025-01-02,920665.BJ,BUY,100,10.5099,0.21019800000000002
2025-01-02,920675.BJ,BUY,100,11.1186,0.22237200000000004
2025-01-02,920679.BJ,BUY,100,17.6975,0.35395000000000004
2025-01-02,920682.BJ,BUY,100,16.0885,0.32177
2025-01-02,920685.BJ,BUY,100,11.2383,0.22476600000000005
2025-01-02,920694.BJ,BUY,100,15.6421,0.312842
2025-01-02,920717.BJ,BUY,200,9.1561,0.366244
2025-01-02,920718.BJ,BUY,100,12.7786,0.255572
2025-01-02,920719.BJ,BUY,100,10.4778,0.209556
2025-01-02,920748.BJ,BUY,100,19.248,0.3849600000000001
2025-01-02,920751.BJ,BUY,100,12.2993,0.24598600000000004
2025-01-02,920768.BJ,BUY,200,7.4451,0.297804
2025-01-02,920770.BJ,BUY,100,16.494,0.32988
2025-01-02,920781.BJ,BUY,100,9.8473,0.196946
2025-01-02,920786.BJ,BUY,200,7.5795,0.30318
2025-01-02,920792.BJ,BUY,200,9.3887,0.375548
2025-01-02,920802.BJ,BUY,100,15.8633,0.31726600000000005
2025-01-02,920807.BJ,BUY,200,8.5965,0.34386000000000005
2025-01-02,920809.BJ,BUY,300,5.0482,0.302892
2025-01-02,920810.BJ,BUY,200,8.994,0.35976
2025-01-02,920819.BJ,BUY,500,3.9083,0.39083
2025-01-02,920826.BJ,BUY,100,17.2145,0.34429000000000004
2025-01-02,920832.BJ,BUY,300,6.2595,0.37557
2025-01-02,920833.BJ,BUY,100,11.6176,0.232352
2025-01-02,920834.BJ,BUY,200,9.3315,0.37326000000000004
2025-01-02,920837.BJ,BUY,100,10.0352,0.200704
2025-01-02,920855.BJ,BUY,100,18.6105,0.37221
2025-01-02,920856.BJ,BUY,200,9.6096,0.38438400000000006
2025-01-02,920857.BJ,BUY,100,14.5205,0.29041
2025-01-02,920866.BJ,BUY,200,7.5756,0.303024
2025-01-02,920871.BJ,BUY,100,12.1177,0.242354
2025-01-02,920873.BJ,BUY,400,4.38,0.3504
2025-01-02,920876.BJ,BUY,100,16.7139,0.33427799999999996
2025-01-02,920879.BJ,BUY,100,12.9427,0.25885400000000003
2025-01-02,920895.BJ,BUY,100,12.7167,0.254334
2025-01-02,920896.BJ,BUY,100,15.371,0.30742
2025-01-02,920906.BJ,BUY,100,17.5197,0.35039400000000004
2025-01-02,920914.BJ,BUY,100,15.6956,0.313912
2025-01-02,920924.BJ,BUY,100,19.2059,0.384118
2025-01-02,920942.BJ,BUY,100,13.7187,0.27437400000000006
2025-01-02,920946.BJ,BUY,200,9.5542,0.382168
2025-01-02,920957.BJ,BUY,100,10.6259,0.21251799999999998
2025-01-02,920964.BJ,BUY,200,7.3042,0.292168
2025-01-02,920970.BJ,BUY,100,12.2767,0.24553400000000003
2025-01-02,920974.BJ,BUY,200,7.1307,0.28522800000000004
2025-01-02,920978.BJ,BUY,100,13.9885,0.27977
2025-01-02,920985.BJ,BUY,100,10.557,0.21114000000000002
2025-01-02,920992.BJ,BUY,100,13.6734,0.27346800000000004
